tmdb_id,imdb_id,title,release_date,genres,budget,revenue,runtime,original_language,production_companies,popularity,tmdb_vote_average,tmdb_vote_count,release_year,genre_primary,budget_reported,revenue_reported,roi,imdb_rating,imdb_votes,metascore,rotten_tomatoes,rated,box_office,awards
19995,tt0499549,Avatar,2009-12-16,"Science Fiction, Action, Adventure",237000000.0,2923706026.0,162,en,"Dune Entertainment, Lightstorm Entertainment, 20th Century Fox, Ingenious Film Partners",15.006,7.609,34234,2009,Science Fiction,True,True,11.336312345991562,7.9,1486308,83.0,81.0,PG-13,785221649.0,Won 3 Oscars. 91 wins & 131 nominations total
299534,tt4154796,Avengers: Endgame,2019-04-24,"Adventure, Science Fiction, Action",356000000.0,2799439100.0,181,en,Marvel Studios,13.9572,8.239,28041,2019,Adventure,True,True,6.86359297752809,8.4,1442446,78.0,94.0,PG-13,858373000.0,Nominated for 1 Oscar. 71 wins & 132 nominations total
76600,tt1630029,Avatar: The Way of Water,2022-12-14,"Action, Adventure, Science Fiction",460000000.0,2334484620.0,192,en,"20th Century Studios, Lightstorm Entertainment, TSG Entertainment",34.2096,7.6,14344,2022,Action,True,True,4.074966565217391,7.5,601100,67.0,76.0,PG-13,688459501.0,Won 1 Oscar. 74 wins & 153 nominations total
597,tt0120338,Titanic,1997-12-18,"Drama, Romance",200000000.0,2264162353.0,194,en,"Paramount Pictures, 20th Century Fox, Lightstorm Entertainment",15.8007,7.902,27361,1997,Drama,True,True,10.320811765,8.0,1389357,75.0,88.0,PG-13,674354882.0,Won 11 Oscars. 126 wins & 84 nominations total
980477,tt34956443,Ne Zha 2,2025-01-29,"Animation, Action, Fantasy, Adventure",80000000.0,2259822417.0,144,zh,"Chengdu Coco Cartoon, Beijing Enlight Pictures, Beijing Enlight Media, Chengdu Zizai Jingjie Culture Media, Beijing Coloroom Technology",22.9067,8.1,755,2025,Animation,True,True,27.2477802125,7.9,23207,68.0,91.0,PG-13,23308176.0,20 wins & 8 nominations total
140607,tt2488496,Star Wars: The Force Awakens,2015-12-15,"Adventure, Action, Science Fiction",245000000.0,2068223624.0,136,en,"Lucasfilm Ltd., Bad Robot",6.879,7.248,20661,2015,Adventure,True,True,7.44172907755102,7.7,1018738,80.0,93.0,PG-13,936662225.0,Nominated for 5 Oscars. 64 wins & 140 nominations total
299536,tt4154756,Avengers: Infinity War,2018-04-25,"Adventure, Action, Science Fiction",300000000.0,2052415039.0,149,en,Marvel Studios,22.6013,8.239,32298,2018,Adventure,True,True,5.841383463333333,8.4,1368739,68.0,85.0,PG-13,678815482.0,Nominated for 1 Oscar. 48 wins & 80 nominations total
634649,tt10872600,Spider-Man: No Way Home,2021-12-15,"Action, Adventure, Science Fiction",200000000.0,2019206586.0,148,en,"Marvel Studios, Pascal Pictures, Columbia Pictures",32.2754,7.934,22243,2021,Action,True,True,9.09603293,8.1,1017543,71.0,93.0,PG-13,814866759.0,Nominated for 1 Oscar. 35 wins & 72 nominations total
1084242,tt26443597,Zootopia 2,2025-11-26,"Animation, Adventure, Comedy, Mystery, Family",150000000.0,1868208796.0,108,en,"Walt Disney Animation Studios, Walt Disney Animation Studios",29.6727,7.683,3116,2025,Animation,True,True,11.454725306666669,7.3,141989,73.0,92.0,PG,428130160.0,Nominated for 1 Oscar. 20 wins & 90 nominations total
1022789,tt22022452,Inside Out 2,2024-06-11,"Animation, Adventure, Comedy, Family",200000000.0,1698863816.0,97,en,Pixar,15.5141,7.544,6789,2024,Animation,True,True,7.49431908,7.5,245290,73.0,91.0,PG,652980194.0,Nominated for 1 Oscar. 7 wins & 107 nominations total
135397,tt0369610,Jurassic World,2015-06-06,"Adventure, Science Fiction, Thriller",150000000.0,1671537444.0,124,en,"Amblin Entertainment, Universal Pictures, Legendary Pictures",16.9054,6.703,21693,2015,Adventure,True,True,10.14358296,6.9,723175,59.0,72.0,PG-13,653406625.0,15 wins & 58 nominations total
420818,tt6105098,The Lion King,2019-07-12,"Adventure, Drama, Family, Animation",260000000.0,1662020819.0,118,en,"Walt Disney Pictures, Fairview Entertainment",11.8006,7.096,10800,2019,Adventure,True,True,5.392387765384616,6.8,290328,55.0,52.0,PG,543638043.0,Nominated for 1 Oscar. 21 wins & 44 nominations total
24428,tt0848228,The Avengers,2012-04-25,"Science Fiction, Action, Adventure",220000000.0,1518815515.0,143,en,Marvel Studios,27.1498,8.057,38785,2012,Science Fiction,True,True,5.903706886363636,8.0,1555308,69.0,91.0,PG-13,623357910.0,Nominated for 1 Oscar. 40 wins & 81 nominations total
168259,tt2820852,Furious 7,2015-04-01,"Action, Crime, Thriller",190000000.0,1515400000.0,138,en,"Original Film, One Race, Universal Pictures",9.5689,7.218,11363,2015,Action,True,True,6.975789473684211,7.1,437204,67.0,81.0,PG-13,353007020.0,36 wins & 36 nominations total
83533,tt1757678,Avatar: Fire and Ash,2025-12-17,"Science Fiction, Adventure, Fantasy",350000000.0,1490477656.0,198,en,"20th Century Studios, Lightstorm Entertainment, TSG Entertainment",123.0,7.633,3848,2025,Science Fiction,True,True,3.2585075885714287,7.2,191187,61.0,66.0,PG-13,404340010.0,Won 1 Oscar. 41 wins & 62 nominations total
361743,tt1745960,Top Gun: Maverick,2022-05-21,"Action, Drama",170000000.0,1488732821.0,131,en,"Skydance Media, Don Simpson/Jerry Bruckheimer Films, Paramount Pictures",13.0261,8.158,11175,2022,Action,True,True,7.757251888235294,8.2,855273,78.0,96.0,PG-13,718732821.0,Won 1 Oscar. 114 wins & 237 nominations total
330457,tt4520988,Frozen II,2019-11-20,"Family, Animation, Adventure, Comedy, Fantasy",150000000.0,1453683476.0,103,en,Walt Disney Animation Studios,10.8444,7.229,10346,2019,Family,True,True,8.691223173333332,6.8,216694,64.0,77.0,PG,477373578.0,Nominated for 1 Oscar. 18 wins & 95 nominations total
346698,tt1517268,Barbie,2023-07-19,"Comedy, Adventure, Fantasy",145000000.0,1447138421.0,114,en,"LuckyChap Entertainment, Heyday Films, NB/GG Pictures, Mattel, Warner Bros. Pictures",11.0016,6.918,11246,2023,Comedy,True,True,8.980264972413794,6.8,667737,80.0,88.0,PG-13,636238421.0,Won 1 Oscar. 215 wins & 436 nominations total
99861,tt2395427,Avengers: Age of Ultron,2015-04-22,"Action, Adventure, Science Fiction",235000000.0,1405403694.0,141,en,Marvel Studios,20.3748,7.275,24611,2015,Action,True,True,4.98044125106383,7.3,998463,66.0,75.0,PG-13,459005868.0,8 wins & 52 nominations total
502356,tt6718170,The Super Mario Bros. Movie,2023-04-05,"Family, Comedy, Adventure, Fantasy, Animation",100000000.0,1360879735.0,93,en,"Universal Pictures, Illumination, Nintendo",31.158,7.604,10898,2023,Family,True,True,12.60879735,7.0,295821,46.0,59.0,PG,574934330.0,2 wins & 49 nominations total
284054,tt1825683,Black Panther,2018-02-13,"Action, Adventure, Science Fiction",200000000.0,1349926083.0,135,en,Marvel Studios,12.7883,7.364,23619,2018,Action,True,True,5.749630415,7.3,907405,88.0,96.0,PG-13,700426566.0,Won 3 Oscars. 125 wins & 289 nominations total
12445,tt1201607,Harry Potter and the Deathly Hallows: Part 2,2011-07-12,"Adventure, Fantasy",125000000.0,1341511219.0,130,en,"Warner Bros. Pictures, Heyday Films",17.1744,8.08,22138,2011,Adventure,True,True,9.732089752,8.1,1035967,85.0,96.0,PG-13,381884297.0,Nominated for 3 Oscars. 49 wins & 96 nominations total
533535,tt6263850,Deadpool & Wolverine,2024-07-24,"Action, Comedy, Science Fiction",200000000.0,1338073645.0,128,en,"Marvel Studios, Maximum Effort, 21 Laps Entertainment, 20th Century Studios, Kevin Feige Productions, TSG Entertainment",17.8415,7.581,8946,2024,Action,True,True,5.690368225,7.5,565006,56.0,77.0,R,636745858.0,31 wins & 71 nominations total
181808,tt2527336,Star Wars: The Last Jedi,2017-12-13,"Adventure, Action, Science Fiction",300000000.0,1334407706.0,152,en,Lucasfilm Ltd.,20.2927,6.747,16444,2017,Adventure,True,True,3.4480256866666665,6.8,714411,84.0,91.0,PG-13,620181382.0,Nominated for 4 Oscars. 26 wins & 100 nominations total
351286,tt4881806,Jurassic World: Fallen Kingdom,2018-06-06,"Adventure, Science Fiction, Thriller",170000000.0,1310469037.0,129,en,"Amblin Entertainment, Universal Pictures",6.5699,6.531,12851,2018,Adventure,True,True,6.708641394117647,6.1,382093,51.0,47.0,PG-13,417719760.0,5 wins & 26 nominations total
109445,tt2294629,Frozen,2013-11-20,"Animation, Family, Adventure, Fantasy",150000000.0,1274219009.0,102,en,Walt Disney Animation Studios,18.6585,7.249,17677,2013,Animation,True,True,7.494793393333333,7.4,708011,75.0,89.0,PG,400953009.0,Won 2 Oscars. 83 wins & 60 nominations total
321612,tt2771200,Beauty and the Beast,2017-03-16,"Family, Fantasy, Romance",160000000.0,1266115964.0,129,en,"Walt Disney Pictures, Mandeville Films",8.3216,7.0,16065,2017,Family,True,True,6.913224775,7.1,356758,65.0,71.0,PG,504481165.0,Nominated for 2 Oscars. 17 wins & 81 nominations total
260513,tt3606756,Incredibles 2,2018-06-14,"Action, Adventure, Animation, Family",200000000.0,1243225667.0,118,en,Pixar,11.3073,7.454,13771,2018,Action,True,True,5.216128335,7.5,366471,80.0,93.0,PG,608581744.0,Nominated for 1 Oscar. 14 wins & 81 nominations total
337339,tt4630562,The Fate of the Furious,2017-04-12,"Action, Crime, Thriller",250000000.0,1236000000.0,136,en,"Original Film, One Race, Universal Pictures",4.8697,6.853,10873,2017,Action,True,True,3.944,6.6,273831,56.0,67.0,PG-13,226008385.0,2 wins & 16 nominations total
68721,tt1300854,Iron Man 3,2013-04-18,"Action, Adventure, Science Fiction",200000000.0,1215577205.0,130,en,Marvel Studios,12.4333,6.933,23559,2013,Action,True,True,5.077886025,7.1,964747,62.0,79.0,PG-13,409013994.0,Nominated for 1 Oscar. 20 wins & 63 nominations total
211672,tt2293640,Minions,2015-06-17,"Family, Animation, Adventure, Comedy",74000000.0,1159457503.0,91,en,"Illumination, Universal Pictures",10.0715,6.42,11165,2015,Family,True,True,14.668344635135137,6.4,281964,56.0,55.0,PG,336045770.0,Nominated for 1 BAFTA Award4 wins & 29 nominations total
271110,tt3498820,Captain America: Civil War,2016-04-27,"Adventure, Action, Science Fiction",250000000.0,1155046416.0,147,en,Marvel Studios,15.4123,7.449,24167,2016,Adventure,True,True,3.620185664,7.8,925892,75.0,90.0,PG-13,408084349.0,16 wins & 73 nominations total
297802,tt1477834,Aquaman,2018-12-07,"Action, Adventure, Fantasy",160000000.0,1152028393.0,143,en,"The Safran Company, Warner Bros. Pictures, DC Films",10.2204,6.867,15003,2018,Action,True,True,6.20017745625,6.8,552623,55.0,66.0,PG-13,335104314.0,3 wins & 36 nominations total
429617,tt6320628,Spider-Man: Far From Home,2019-06-28,"Action, Adventure, Science Fiction",160000000.0,1132723226.0,129,en,"Marvel Studios, Pascal Pictures, Columbia Pictures",20.1714,7.396,17113,2019,Action,True,True,6.0795201625,7.3,637793,69.0,91.0,PG-13,391283774.0,11 wins & 26 nominations total
299537,tt4154664,Captain Marvel,2019-03-06,"Action, Adventure, Science Fiction",152000000.0,1131416446.0,124,en,Marvel Studios,9.381,6.779,16858,2019,Action,True,True,6.44352925,6.7,658051,64.0,79.0,PG-13,426829839.0,10 wins & 57 nominations total
38356,tt1399103,Transformers: Dark of the Moon,2011-06-28,"Action, Science Fiction, Adventure",195000000.0,1123794079.0,154,en,"Paramount Pictures, di Bonaventura Pictures, DeSanto/Murphy Productions, Ian Bryce Productions",2.172,6.236,9022,2011,Action,True,True,4.763046558974359,6.2,453805,42.0,35.0,PG-13,352390543.0,Nominated for 3 Oscars. 11 wins & 42 nominations total
122,tt0167260,The Lord of the Rings: The Return of the King,2003-12-17,"Adventure, Fantasy, Action",94000000.0,1118888979.0,201,en,"New Line Cinema, WingNut Films, The Saul Zaentz Company",19.3953,8.501,26862,2003,Adventure,True,True,10.903074244680852,9.0,2161991,94.0,94.0,PG-13,386975644.0,Won 11 Oscars. 215 wins & 124 nominations total
37724,tt1074638,Skyfall,2012-10-24,"Action, Adventure, Thriller",200000000.0,1108594176.0,143,en,"Metro-Goldwyn-Mayer, EON Productions, Columbia Pictures",5.2107,7.263,16207,2012,Action,True,True,4.54297088,7.8,768360,81.0,92.0,PG-13,304360277.0,Won 2 Oscars. 69 wins & 125 nominations total
91314,tt2109248,Transformers: Age of Extinction,2014-06-25,"Science Fiction, Action, Adventure",210000000.0,1105261713.0,165,en,"di Bonaventura Pictures, DeSanto/Murphy Productions, Ian Bryce Productions, Paramount Pictures, Hasbro",10.3858,5.97,8829,2014,Science Fiction,True,True,4.2631510142857145,5.6,347982,32.0,18.0,PG-13,245439076.0,5 wins & 23 nominations total
49026,tt1345836,The Dark Knight Rises,2012-07-17,"Action, Crime, Drama, Thriller",250000000.0,1081041287.0,165,en,"Syncopy, Legendary Pictures, Warner Bros. Pictures, DC",10.3003,7.8,24544,2012,Action,True,True,3.324165148,8.4,1990749,78.0,87.0,PG-13,448149584.0,Nominated for 1 BAFTA Award. 45 wins & 103 nominations total
475557,tt7286456,Joker,2019-10-01,"Crime, Thriller, Drama",55000000.0,1078958629.0,122,en,"Warner Bros. Pictures, Joint Effort, Village Roadshow Pictures, Bron Studios, DC Films",21.5006,8.123,27916,2019,Crime,True,True,18.617429618181816,8.3,1690149,59.0,68.0,R,335477657.0,Won 2 Oscars. 120 wins & 247 nominations total
181812,tt2527338,Star Wars: The Rise of Skywalker,2019-12-18,"Adventure, Action, Science Fiction",489900000.0,1074144248.0,142,en,"Lucasfilm Ltd., Bad Robot",9.5193,6.262,10934,2019,Adventure,True,True,1.192578583384364,6.3,536918,53.0,51.0,PG-13,515202542.0,Nominated for 3 Oscars. 21 wins & 55 nominations total
301528,tt1979376,Toy Story 4,2019-06-19,"Family, Comedy, Animation, Adventure",175000000.0,1073841394.0,100,en,Pixar,20.3482,7.462,10751,2019,Family,True,True,5.1362365371428576,7.6,310352,84.0,97.0,G,434038008.0,Won 1 Oscar. 61 wins & 65 nominations total
10193,tt0435761,Toy Story 3,2010-06-16,"Animation, Family, Comedy",200000000.0,1067316101.0,103,en,Pixar,18.1771,7.813,15939,2010,Animation,True,True,4.336580505,8.3,961588,92.0,98.0,G,415004880.0,Won 2 Oscars. 63 wins & 96 nominations total
58,tt0383574,Pirates of the Caribbean: Dead Man's Chest,2006-07-06,"Adventure, Fantasy, Action",200000000.0,1066179747.0,151,en,"Walt Disney Pictures, Jerry Bruckheimer Films, Second Mate Productions",11.5169,7.387,17330,2006,Adventure,True,True,4.330898735,7.4,825206,53.0,53.0,PG-13,423315812.0,Won 1 Oscar. 45 wins & 54 nominations total
1241982,tt13622970,Moana 2,2024-11-21,"Adventure, Animation, Comedy, Family, Fantasy",150000000.0,1059242164.0,100,en,"Walt Disney Animation Studios, Walt Disney Animation Studios",43.9029,6.993,3156,2024,Adventure,True,True,6.061614426666667,6.3,125961,58.0,61.0,PG,460405297.0,6 wins & 30 nominations total
330459,tt3748528,Rogue One: A Star Wars Story,2016-12-14,"Action, Adventure, Science Fiction",200000000.0,1056057273.0,133,en,Lucasfilm Ltd.,5.7827,7.509,16525,2016,Action,True,True,4.280286365,7.8,748381,65.0,84.0,PG-13,533539991.0,Nominated for 2 Oscars. 24 wins & 85 nominations total
420817,tt6139732,Aladdin,2019-05-22,"Adventure, Fantasy, Romance, Family",183000000.0,1054304000.0,127,en,"Walt Disney Pictures, Rideback",11.8937,7.082,10685,2019,Adventure,True,True,4.761224043715847,6.9,312476,53.0,57.0,PG,355559216.0,9 wins & 39 nominations total
1865,tt1298650,Pirates of the Caribbean: On Stranger Tides,2011-05-15,"Adventure, Action, Fantasy",379000000.0,1046721266.0,136,en,"Walt Disney Pictures, Jerry Bruckheimer Films, Moving Picture Company",7.8885,6.571,15063,2011,Adventure,True,True,1.7617975356200528,6.6,606603,45.0,32.0,PG-13,241071802.0,3 wins & 31 nominations total
1893,tt0120915,Star Wars: Episode I - The Phantom Menace,1999-05-19,"Adventure, Action, Science Fiction",115000000.0,1046515409.0,136,en,Lucasfilm Ltd.,8.6825,6.6,15964,1999,Adventure,True,True,8.100133991304348,6.5,917424,51.0,54.0,PG,487576624.0,Nominated for 3 Oscars. 28 wins & 71 nominations total
552524,tt11655566,Lilo & Stitch,2025-05-17,"Family, Science Fiction, Comedy",100000000.0,1038027526.0,108,en,"Walt Disney Pictures, Rideback",15.6617,7.199,2195,2025,Family,True,True,9.38027526,6.7,93833,53.0,72.0,PG,423778855.0,Nominated for 1 BAFTA Award. 10 nominations total
324852,tt3469046,Despicable Me 3,2017-06-15,"Action, Animation, Comedy, Family, Adventure",80000000.0,1034800131.0,90,en,"Illumination, Universal Pictures",5.2867,6.469,7680,2017,Action,True,True,11.9350016375,6.3,178392,49.0,58.0,PG,264624300.0,33 nominations total
127380,tt2277860,Finding Dory,2016-06-16,"Adventure, Animation, Family",200000000.0,1029266989.0,97,en,Pixar,9.6735,7.042,12723,2016,Adventure,True,True,4.146334945,7.2,331036,77.0,94.0,PG,486295561.0,Nominated for 1 BAFTA Award17 wins & 48 nominations total
269149,tt2948356,Zootopia,2016-02-11,"Animation, Adventure, Family, Comedy",150000000.0,1025521689.0,109,en,Walt Disney Animation Studios,18.8993,7.765,18275,2016,Animation,True,True,5.83681126,8.0,625023,78.0,98.0,PG,341268248.0,Won 1 Oscar. 49 wins & 75 nominations total
12155,tt1014759,Alice in Wonderland,2010-03-03,"Family, Fantasy, Adventure",200000000.0,1025467110.0,108,en,"Walt Disney Pictures, Roth Films, Team Todd, Tim Burton Productions, The Zanuck Company",7.6979,6.645,14899,2010,Family,True,True,4.12733555,6.4,464214,53.0,51.0,PG,334191110.0,Won 2 Oscars. 35 wins & 65 nominations total
49051,tt0903624,The Hobbit: An Unexpected Journey,2012-12-12,"Adventure, Fantasy, Action",250000000.0,1021103568.0,169,en,"New Line Cinema, Metro-Goldwyn-Mayer, WingNut Films",8.8004,7.378,19775,2012,Adventure,True,True,3.084414272,7.8,926871,58.0,64.0,PG-13,303030651.0,Nominated for 3 Oscars. 11 wins & 76 nominations total
1226863,tt28650488,The Super Mario Galaxy Movie,2026-04-01,"Family, Comedy, Adventure, Fantasy, Animation",110000000.0,1009214136.0,98,en,"Illumination, Universal Pictures, Nintendo",102.8317,8.261,3118,2026,Family,True,True,8.174673963636364,6.3,55972,37.0,,PG,427096185.0,
155,tt0468569,The Dark Knight,2008-07-16,"Action, Crime, Thriller",185000000.0,1004558444.0,152,en,"Warner Bros. Pictures, Legendary Pictures, Syncopy, DC",22.3965,8.5,36121,2008,Action,True,True,4.430045643243243,9.1,3161907,85.0,94.0,PG-13,534987076.0,Won 2 Oscars. 163 wins & 165 nominations total
507086,tt8041270,Jurassic World Dominion,2022-06-01,"Adventure, Science Fiction, Thriller",658800000.0,1004004592.0,147,en,"Amblin Entertainment, Universal Pictures",18.4765,6.602,7137,2022,Adventure,True,True,0.5239899696417729,5.6,245361,38.0,28.0,PG-13,376851080.0,1 win & 26 nominations total
936075,tt11378946,Michael,2026-04-22,"Music, Drama",250000000.0,1001897734.0,128,en,"Lionsgate, GK Films, Optimum Productions",100.6852,8.705,3581,2026,Music,True,True,3.007590936,7.5,144205,39.0,38.0,PG-13,371294610.0,7 wins & 5 nominations total
353486,tt2283362,Jumanji: Welcome to the Jungle,2017-12-09,"Adventure, Comedy, Fantasy, Action",90000000.0,995339117.0,119,en,"Matt Tolmach Productions, Seven Bucks Productions, Columbia Pictures",4.8245,6.821,14602,2017,Adventure,True,True,10.059323522222222,6.9,501548,58.0,76.0,PG-13,404540171.0,5 wins & 15 nominations total
671,tt0241527,Harry Potter and the Philosopher's Stone,2001-11-16,"Adventure, Fantasy",125000000.0,976475550.0,152,en,"Warner Bros. Pictures, Heyday Films, 1492 Pictures",19.557,7.9,29820,2001,Adventure,True,True,6.8118044,7.7,944457,65.0,80.0,PG,319765078.0,Nominated for 3 Oscars. 20 wins & 75 nominations total
519182,tt7510222,Despicable Me 4,2024-06-20,"Animation, Comedy, Action, Science Fiction, Family",100000000.0,972021410.0,94,en,"Universal Pictures, Illumination",13.6248,6.983,3265,2024,Animation,True,True,8.7202141,6.2,76384,52.0,56.0,PG,361004205.0,2 wins & 6 nominations total
93456,tt1690953,Despicable Me 2,2013-06-26,"Animation, Comedy, Family, Science Fiction",76000000.0,970766005.0,98,en,"Illumination, Universal Pictures",13.2625,6.947,12066,2013,Animation,True,True,11.773236907894736,7.3,456712,62.0,75.0,PG,368065385.0,Nominated for 2 Oscars. 12 wins & 66 nominations total
278927,tt3040964,The Jungle Book,2016-04-07,"Adventure, Family, Fantasy",175000000.0,966550600.0,106,en,"Walt Disney Pictures, Fairview Entertainment, Moving Picture Company",8.1536,6.876,8545,2016,Adventure,True,True,4.523146285714286,7.3,304379,77.0,94.0,PG,364001123.0,Won 1 Oscar. 33 wins & 56 nominations total
285,tt0449088,Pirates of the Caribbean: At World's End,2007-05-19,"Adventure, Fantasy, Action",300000000.0,961691209.0,169,en,"Jerry Bruckheimer Films, Second Mate Productions, Walt Disney Pictures",8.6291,7.277,15605,2007,Adventure,True,True,2.205637363333333,7.2,743246,50.0,43.0,PG-13,309420425.0,Nominated for 2 Oscars. 23 wins & 51 nominations total
950387,tt3566834,A Minecraft Movie,2025-03-31,"Family, Fantasy, Comedy, Adventure",150000000.0,960387780.0,101,en,"Warner Bros. Pictures, Legendary Pictures, Mojang Studios, Vertigo Entertainment, On the Roam, Domain Entertainment",20.863,6.258,3107,2025,Family,True,True,5.4025852,5.6,153774,45.0,,PG,424087780.0,2 wins & 15 nominations total
57158,tt1170358,The Hobbit: The Desolation of Smaug,2013-12-11,"Fantasy, Adventure, Action",250000000.0,958400000.0,161,en,"New Line Cinema, Metro-Goldwyn-Mayer, WingNut Films",11.0966,7.582,14323,2013,Fantasy,True,True,2.8336,7.8,752978,66.0,74.0,PG-13,258387334.0,Nominated for 3 Oscars. 19 wins & 90 nominations total
122917,tt2310332,The Hobbit: The Battle of the Five Armies,2014-12-10,"Action, Adventure, Fantasy",250000000.0,956019788.0,144,en,"New Line Cinema, Metro-Goldwyn-Mayer, WingNut Films",15.066,7.338,15492,2014,Action,True,True,2.824079152,7.4,617163,59.0,59.0,R,255138261.0,Nominated for 1 Oscar. 8 wins & 56 nominations total
453395,tt9419884,Doctor Strange in the Multiverse of Madness,2022-05-04,"Fantasy, Action, Adventure",350600000.0,955775804.0,126,en,"Marvel Studios, Kevin Feige Productions",16.2107,7.232,10475,2022,Fantasy,True,True,1.7261146719908729,6.9,543288,60.0,73.0,PG-13,411331607.0,10 wins & 31 nominations total
12444,tt0926084,Harry Potter and the Deathly Hallows: Part 1,2010-11-17,"Adventure, Fantasy",250000000.0,954305868.0,146,en,"Warner Bros. Pictures, Heyday Films",10.3308,7.735,20530,2010,Adventure,True,True,2.817223472,7.7,659115,65.0,77.0,PG-13,296374621.0,Nominated for 2 Oscars. 15 wins & 55 nominations total
872585,tt15398776,Oppenheimer,2023-07-19,"Drama, History",100000000.0,952000000.0,181,en,"Syncopy, Universal Pictures, Atlas Entertainment, Breakheart Films, Peters Creek Entertainment",40.6465,8.025,12009,2023,Drama,True,True,8.52,8.2,1024033,90.0,93.0,R,330078895.0,Won 7 Oscars. 370 wins & 378 nominations total
12,tt0266543,Finding Nemo,2003-05-30,"Animation, Family, Adventure",94000000.0,940335536.0,100,en,Pixar,11.9434,7.82,20695,2003,Animation,True,True,9.003569531914893,8.2,1196544,90.0,99.0,G,380843261.0,Won 1 Oscar. 49 wins & 63 nominations total
438148,tt5113044,Minions: The Rise of Gru,2022-06-29,"Animation, Comedy, Science Fiction, Crime, Family",85000000.0,940203765.0,87,en,"Universal Pictures, Illumination",24.6632,7.261,4058,2022,Animation,True,True,10.061220764705883,6.5,102656,56.0,70.0,PG,370549695.0,1 win & 17 nominations total
675,tt0373889,Harry Potter and the Order of the Phoenix,2007-07-08,"Adventure, Fantasy",150000000.0,938212738.0,138,en,"Warner Bros. Pictures, Heyday Films",9.2781,7.7,20954,2007,Adventure,True,True,5.254751586666667,7.5,693356,71.0,78.0,PG-13,292382727.0,Nominated for 2 BAFTA 17 wins & 50 nominations total
767,tt0417741,Harry Potter and the Half-Blood Prince,2009-07-15,"Adventure, Fantasy",250000000.0,933959197.0,153,en,"Warner Bros. Pictures, Heyday Films",9.8338,7.681,20939,2009,Adventure,True,True,2.735836788,7.6,653701,78.0,83.0,PG,302334374.0,Nominated for 1 Oscar. 9 wins & 39 nominations total
809,tt0298148,Shrek 2,2004-05-19,"Animation, Comedy, Family, Fantasy, Romance",150000000.0,932542741.0,92,en,"DreamWorks Animation, Pacific Data Images",8.9771,7.325,13559,2004,Animation,True,True,5.216951606666667,7.4,550541,75.0,89.0,PG,444978202.0,Nominated for 2 Oscars. 18 wins & 52 nominations total
121,tt0167261,The Lord of the Rings: The Two Towers,2002-12-18,"Adventure, Fantasy, Action",79000000.0,926287400.0,179,en,"New Line Cinema, WingNut Films, The Saul Zaentz Company",14.7664,8.423,24144,2002,Adventure,True,True,10.725156962025316,8.8,1954618,87.0,95.0,PG-13,350104956.0,Won 2 Oscars. 132 wins & 139 nominations total
329,tt0107290,Jurassic Park,1993-06-11,"Adventure, Science Fiction",63000000.0,920100000.0,127,en,"Universal Pictures, Amblin Entertainment",8.9041,8.0,18043,1993,Adventure,True,True,13.604761904761904,8.2,1167043,68.0,91.0,PG-13,407185075.0,Won 3 Oscars. 44 wins & 27 nominations total
424694,tt1727824,Bohemian Rhapsody,2018-10-24,"Music, Drama",52000000.0,910813521.0,135,en,"20th Century Fox, Regency Enterprises, GK Films, TSG Entertainment",8.4229,7.957,17855,2018,Music,True,True,16.515644634615384,7.9,638785,49.0,60.0,PG-13,216668042.0,Won 4 Oscars. 50 wins & 80 nominations total
779029,tt13462900,The Battle at Lake Changjin,2021-09-30,"Drama, War",200000000.0,902540935.0,178,zh,"Bona Film Group, Shanghai Film Group, DF Pictures, Alibaba Pictures Group, Distribution Workshop, Huaxia Film Distribution, Just Creative Studio, China Film Group Corporation",1.9957,6.304,153,2021,Drama,True,True,3.512704675,5.5,4690,,36.0,Not Rated,342411.0,37 wins & 40 nominations total
674,tt0330373,Harry Potter and the Goblet of Fire,2005-11-16,"Adventure, Fantasy",150000000.0,895921036.0,157,en,"Warner Bros. Pictures, Heyday Films, Patalex IV Productions",11.2044,7.804,22340,2005,Adventure,True,True,4.9728069066666665,7.7,746138,81.0,88.0,PG-13,291239805.0,Nominated for 1 Oscar. 13 wins & 48 nominations total
559,tt0413300,Spider-Man 3,2007-05-01,"Action, Adventure, Science Fiction",258000000.0,894983373.0,139,en,"Laura Ziskin Productions, Marvel Studios, Columbia Pictures",16.3891,6.5,15364,2007,Action,True,True,2.4689278023255814,6.3,692051,59.0,62.0,PG-13,338032318.0,Nominated for 1 BAFTA Award4 wins & 44 nominations total
1084244,tt29355505,Toy Story 5,2026-06-17,"Animation, Family, Comedy, Adventure",250000000.0,893663559.0,102,en,Pixar,279.0417,7.424,646,2026,Animation,True,True,2.574654236,7.5,40356,73.0,93.0,PG,370198297.0,4 nominations total
8355,tt1080016,Ice Age: Dawn of the Dinosaurs,2009-06-26,"Animation, Comedy, Family, Adventure",90000000.0,886686817.0,94,en,"Blue Sky Studios, 20th Century Fox Animation, 20th Century Fox",6.0305,6.772,8943,2009,Animation,True,True,8.852075744444445,6.9,283955,50.0,46.0,PG,196573705.0,3 wins & 13 nominations total
315635,tt2250912,Spider-Man: Homecoming,2017-07-05,"Action, Adventure, Science Fiction",175000000.0,880978185.0,133,en,"Marvel Studios, Pascal Pictures, LStar Capital, Columbia Pictures",28.0153,7.331,23335,2017,Action,True,True,4.034161057142857,7.4,795043,73.0,92.0,PG-13,334952829.0,8 wins & 11 nominations total
206647,tt2379713,Spectre,2015-10-26,"Action, Adventure, Thriller",245000000.0,880707597.0,148,en,"Metro-Goldwyn-Mayer, Columbia Pictures, EON Productions",6.9253,6.57,11321,2015,Action,True,True,2.5947248857142857,6.8,493010,60.0,63.0,PG-13,200074609.0,Won 1 Oscar. 8 wins & 37 nominations total
57800,tt1667889,Ice Age: Continental Drift,2012-06-27,"Animation, Comedy, Adventure, Family",95000000.0,877244782.0,88,en,"Blue Sky Studios, 20th Century Fox Animation",17.8155,6.392,8171,2012,Animation,True,True,8.2341556,6.5,240893,49.0,37.0,PG,161321843.0,2 wins & 11 nominations total
672,tt0295297,Harry Potter and the Chamber of Secrets,2002-11-13,"Adventure, Fantasy",100000000.0,876688482.0,161,en,"Warner Bros. Pictures, Heyday Films, 1492 Pictures, MIRACLE Productions",11.682,7.706,23761,2002,Adventure,True,True,7.76688482,7.5,759564,63.0,82.0,PG,263094348.0,Won 1 BAFTA Award14 wins & 50 nominations total
328111,tt2709768,The Secret Life of Pets,2016-06-18,"Animation, Comedy, Family, Adventure",75000000.0,875457937.0,86,en,"Illumination, Universal Pictures",2.2374,6.323,8556,2016,Animation,True,True,10.672772493333332,6.5,233985,61.0,70.0,PG,368623860.0,4 wins & 15 nominations total
209112,tt2975590,Batman v Superman: Dawn of Justice,2016-03-23,"Action, Adventure, Fantasy",250000000.0,874362803.0,152,en,"Warner Bros. Pictures, RatPac Entertainment, Atlas Entertainment, Cruel & Unusual Films, DC",14.567,6.0,19122,2016,Action,True,True,2.497451212,6.4,790738,44.0,28.0,R,330360194.0,14 wins & 33 nominations total
120,tt0120737,The Lord of the Rings: The Fellowship of the Ring,2001-12-18,"Adventure, Fantasy, Action",93000000.0,871368364.0,179,en,"New Line Cinema, WingNut Films, The Saul Zaentz Company",18.6826,8.438,27862,2001,Adventure,True,True,8.369552301075268,8.9,2203785,92.0,91.0,PG-13,325873309.0,Won 4 Oscars. 126 wins & 127 nominations total
452557,tt7131870,Wolf Warrior 2,2017-07-27,"War, Action",30100000.0,870325439.0,124,zh,"Spring Era Film Company, Beijing Century Media Culture, Chao Feng Pictures, Orange Image 橙子映像, Beijing Culture 北京京西文化, DF Pictures",3.6737,6.5,337,2017,War,True,True,27.91446641196013,5.9,9482,44.0,67.0,Not Rated,2721100.0,32 wins & 16 nominations total
1234821,tt31036941,Jurassic World Rebirth,2025-06-23,"Science Fiction, Adventure, Action",180000000.0,869146189.0,134,en,"Universal Pictures, Amblin Entertainment",39.637,6.276,3530,2025,Science Fiction,True,True,3.828589938888889,5.8,194010,50.0,50.0,PG-13,339640400.0,Nominated for 1 Oscar. 3 wins & 14 nominations total
101299,tt1951264,The Hunger Games: Catching Fire,2013-11-15,"Adventure, Action, Science Fiction",130000000.0,865011746.0,146,en,"Lionsgate, Color Force",11.6995,7.4,18548,2013,Adventure,True,True,5.653936507692308,7.5,768630,76.0,90.0,PG-13,424668047.0,22 wins & 68 nominations total
283995,tt3896198,Guardians of the Galaxy Vol. 2,2017-04-25,"Science Fiction, Adventure, Action",200000000.0,863756051.0,137,en,Marvel Studios,10.2405,7.61,23069,2017,Science Fiction,True,True,3.318780255,7.6,828114,67.0,85.0,PG-13,389813101.0,Nominated for 1 Oscar. 15 wins & 62 nominations total
505642,tt9114286,Black Panther: Wakanda Forever,2022-11-09,"Action, Adventure, Science Fiction",250000000.0,859102154.0,162,en,Marvel Studios,16.8443,7.005,7559,2022,Action,True,True,2.436408616,6.6,368850,67.0,84.0,PG-13,453829060.0,Won 1 Oscar. 53 wins & 173 nominations total
150540,tt2096673,Inside Out,2015-06-17,"Animation, Family, Adventure, Drama, Comedy",175000000.0,857611174.0,95,en,Pixar,21.6221,7.9,23610,2015,Animation,True,True,3.90063528,8.1,905131,94.0,98.0,PG,356461711.0,Won 1 Oscar. 99 wins & 118 nominations total
335983,tt1270797,Venom,2018-09-28,"Science Fiction, Action",116000000.0,856085151.0,112,en,"Matt Tolmach Productions, Pascal Pictures, Marvel Entertainment, Tencent Pictures, Arad Productions, Columbia Pictures",5.5506,6.825,17338,2018,Science Fiction,True,True,6.380044405172414,6.6,601600,35.0,31.0,PG-13,213515506.0,2 wins & 9 nominations total
284053,tt3501632,Thor: Ragnarok,2017-10-02,"Action, Science Fiction, Comedy",180000000.0,855301806.0,131,en,Marvel Studios,13.5122,7.582,22150,2017,Action,True,True,3.7516767,7.9,892533,74.0,93.0,PG-13,315058289.0,6 wins & 50 nominations total
1895,tt0121766,Star Wars: Episode III - Revenge of the Sith,2005-05-17,"Adventure, Action, Science Fiction",113000000.0,850000000.0,140,en,Lucasfilm Ltd.,5.3923,7.472,15065,2005,Adventure,True,True,6.522123893805309,7.7,912634,68.0,79.0,PG-13,414378291.0,Nominated for 1 Oscar. 29 wins & 64 nominations total
447365,tt6791350,Guardians of the Galaxy Vol. 3,2023-05-03,"Science Fiction, Adventure, Action",250000000.0,845550000.0,150,en,"Marvel Studios, Kevin Feige Productions",18.7146,7.932,8491,2023,Science Fiction,True,True,2.3822,7.9,470167,64.0,82.0,PG-13,358995815.0,Nominated for 1 Oscar. 12 wins & 100 nominations total
27205,tt1375666,Inception,2010-07-15,"Action, Science Fiction, Adventure",160000000.0,839030630.0,148,en,"Legendary Pictures, Syncopy, Warner Bros. Pictures",45.7633,8.373,39575,2010,Action,True,True,4.2439414375,8.8,2811614,74.0,87.0,PG-13,292587330.0,Won 4 Oscars. 160 wins & 220 nominations total
8373,tt1055369,Transformers: Revenge of the Fallen,2009-06-19,"Science Fiction, Action, Adventure",200000000.0,836304167.0,150,en,"DreamWorks Pictures, Paramount Pictures, di Bonaventura Pictures, DeSanto/Murphy Productions, Ian Bryce Productions",1.9243,6.222,9256,2009,Science Fiction,True,True,3.181520835,6.0,451650,35.0,19.0,PG-13,402111870.0,Nominated for 1 Oscar. 15 wins & 30 nominations total
50620,tt1673434,The Twilight Saga: Breaking Dawn - Part 2,2012-11-13,"Fantasy, Drama, Romance",120000000.0,829747654.0,115,en,"Summit Entertainment, Temple Hill Entertainment, Sunswept Entertainment",9.1167,6.5,9417,2012,Fantasy,True,True,5.9145637833333335,5.6,279805,52.0,49.0,PG-13,293144686.0,Nominated for 1 BAFTA Award22 wins & 17 nominations total
353081,tt4912910,Mission: Impossible - Fallout,2018-07-25,"Action, Adventure",178000000.0,824171374.0,147,en,"Paramount Pictures, Bad Robot, Skydance Media, TC Productions",4.6314,7.452,9211,2018,Action,True,True,3.630176258426966,7.7,419025,87.0,98.0,PG-13,220159104.0,Nominated for 1 BAFTA Award. 26 wins & 42 nominations total
297762,tt0451279,Wonder Woman,2017-05-30,"Action, Adventure, Fantasy",149000000.0,823970682.0,141,en,"Atlas Entertainment, Cruel & Unusual Films, DC Films, Warner Bros. Pictures",5.458,7.207,20996,2017,Action,True,True,4.530004577181208,7.3,732467,76.0,93.0,PG-13,412845172.0,37 wins & 76 nominations total
758891,tt13364790,"Hi, Mom",2021-02-12,"Drama, Comedy, Fantasy",59000000.0,822049668.0,128,zh,"Alibaba Pictures Group, Tianjin Maoyan Media, Beijing Big Bowl Entertainment Culture Media, Beijing Culture 北京京西文化, Beijing Cheering Times Culture & Entertainment, Shanghai Ruyi Film & TV Production 上海儒意影视制作",0.7961,7.032,172,2021,Drama,True,True,12.933045220338984,6.9,3655,,,,,33 wins & 37 nominations total
557,tt0145487,Spider-Man,2002-05-01,"Action, Science Fiction",139000000.0,821708551.0,121,en,"Marvel Enterprises, Laura Ziskin Productions, Columbia Pictures",17.0889,7.3,20866,2002,Action,True,True,4.911572309352518,7.4,958249,73.0,90.0,PG-13,408524875.0,Nominated for 2 Oscars. 17 wins & 65 nominations total
602,tt0116629,Independence Day,1996-07-02,"Action, Adventure, Science Fiction",75000000.0,817400891.0,145,en,"20th Century Fox, Centropolis Entertainment",7.8324,6.9,10542,1996,Action,True,True,9.898678546666666,7.0,642170,59.0,69.0,PG-13,306169268.0,Won 1 Oscar. 35 wins & 35 nominations total
354912,tt2380307,Coco,2017-10-27,"Family, Animation, Music, Adventure",175000000.0,814641172.0,105,en,Pixar,10.5605,8.198,21125,2017,Family,True,True,3.655092411428571,8.4,704092,81.0,97.0,PG,210460015.0,Won 2 Oscars. 113 wins & 42 nominations total
259316,tt3183660,Fantastic Beasts and Where to Find Them,2016-11-16,"Fantasy, Adventure",180000000.0,809342332.0,133,en,"Heyday Films, Warner Bros. Pictures",12.3374,7.3,19791,2016,Fantasy,True,True,3.4963462888888888,7.2,537711,66.0,74.0,PG-13,234037575.0,Won 1 Oscar. 15 wins & 54 nominations total
810,tt0413267,Shrek the Third,2007-05-17,"Fantasy, Adventure, Animation, Comedy, Family",160000000.0,808310187.0,93,en,"DreamWorks Animation, Pacific Data Images",5.4028,6.312,9863,2007,Fantasy,True,True,4.05193866875,6.1,357973,58.0,41.0,PG,322719944.0,Nominated for 1 BAFTA Award5 wins & 17 nominations total
512200,tt7975244,Jumanji: The Next Level,2019-12-04,"Adventure, Comedy, Fantasy",125000000.0,801693929.0,123,en,"Columbia Pictures, Seven Bucks Productions, Matt Tolmach Productions, The Detective Agency",7.1957,6.873,9445,2019,Adventure,True,True,5.413551432,6.6,316072,58.0,72.0,PG-13,320314960.0,2 wins & 10 nominations total
601,tt0083866,E.T. the Extra-Terrestrial,1982-06-11,"Adventure, Science Fiction, Family",10500000.0,797307407.0,115,en,"Universal Pictures, Amblin Entertainment",6.4379,7.518,12083,1982,Adventure,True,True,74.93403876190476,7.9,468998,92.0,99.0,PG,439454989.0,Won 4 Oscars. 52 wins & 39 nominations total
166426,tt1790809,Pirates of the Caribbean: Dead Men Tell No Tales,2017-05-23,"Adventure, Action, Fantasy",230000000.0,795922298.0,129,en,"Walt Disney Pictures, Jerry Bruckheimer Films, Infinitum Nihil",10.6375,6.661,12903,2017,Adventure,True,True,2.4605317304347825,6.5,381325,39.0,30.0,PG-13,172558876.0,1 win & 14 nominations total
14161,tt1190080,2012,2009-10-10,"Action, Adventure, Science Fiction",200000000.0,791217826.0,158,en,"Columbia Pictures, Centropolis Entertainment, Farewell Productions, The Mark Gordon Company",5.8546,5.886,12835,2009,Action,True,True,2.95608913,5.9,419441,49.0,40.0,PG-13,166112167.0,5 wins & 21 nominations total
673,tt0304141,Harry Potter and the Prisoner of Azkaban,2004-05-31,"Adventure, Fantasy",130000000.0,789804554.0,141,en,"Warner Bros. Pictures, 1492 Pictures, Heyday Films, P of A Productions",10.3169,8.01,23333,2004,Adventure,True,True,5.075419646153846,7.9,761199,82.0,90.0,PG,250657586.0,Nominated for 2 Oscars. 17 wins & 56 nominations total
558,tt0316654,Spider-Man 2,2004-06-25,"Action, Adventure, Science Fiction",200000000.0,788976453.0,127,en,"Marvel Enterprises, Laura Ziskin Productions, Columbia Pictures",5.0366,7.315,16508,2004,Action,True,True,2.944882265,7.5,777496,83.0,93.0,PG-13,375087840.0,Won 1 Oscar. 25 wins & 60 nominations total
82992,tt1905041,Fast & Furious 6,2013-05-21,"Action, Thriller, Crime",160000000.0,788700000.0,130,en,"Relativity Media, Original Film, One Race",0.9778,6.817,11249,2013,Action,True,True,3.929375,7.0,438036,61.0,71.0,PG-13,238679850.0,12 wins & 22 nominations total
217,tt0367882,Indiana Jones and the Kingdom of the Crystal Skull,2008-05-21,"Adventure, Action",185000000.0,786636033.0,122,en,"Paramount Pictures, Lucasfilm Ltd.",5.341,6.029,9096,2008,Adventure,True,True,3.2520866648648648,6.2,511928,65.0,77.0,PG-13,317101119.0,Nominated for 1 BAFTA Award10 wins & 42 nominations total
383498,tt5463162,Deadpool 2,2018-05-15,"Action, Comedy, Adventure",110000000.0,785896632.0,120,en,"Maximum Effort, Genre Films, 20th Century Fox, Marvel Entertainment",10.1114,7.491,19366,2018,Action,True,True,6.144514836363636,7.6,742720,66.0,83.0,R,324591735.0,6 wins & 53 nominations total
293660,tt1431045,Deadpool,2016-02-09,"Action, Adventure, Comedy",58000000.0,782837347.0,108,en,"20th Century Fox, The Donners' Company, Genre Films, Marvel Entertainment",8.6203,7.624,32914,2016,Action,True,True,12.497195637931034,8.0,1250978,65.0,85.0,R,363070709.0,29 wins & 78 nominations total
11,tt0076759,Star Wars,1977-05-25,"Adventure, Action, Science Fiction",11000000.0,775398007.0,121,en,Lucasfilm Ltd.,12.1274,8.2,22511,1977,Adventure,True,True,69.49072790909091,8.6,1555851,90.0,93.0,PG,460998507.0,Won 6 Oscars. 70 wins & 31 nominations total
370172,tt2382320,No Time to Die,2021-09-29,"Action, Thriller, Adventure",250000000.0,774153024.0,163,en,"EON Productions, Metro-Goldwyn-Mayer",7.214,7.337,7205,2021,Action,True,True,2.096612096,7.3,481524,68.0,83.0,PG-13,160891007.0,Won 1 Oscar. 52 wins & 75 nominations total
118340,tt2015381,Guardians of the Galaxy,2014-07-30,"Action, Science Fiction, Adventure",170000000.0,772776600.0,121,en,Marvel Studios,8.8268,7.906,29905,2014,Action,True,True,3.545744705882353,8.0,1362435,76.0,91.0,PG-13,333718600.0,Nominated for 2 Oscars. 52 wins & 103 nominations total
414906,tt1877830,The Batman,2022-03-01,"Crime, Mystery, Thriller",185000000.0,772775278.0,177,en,"6th & Idaho Motion Picture Company, Dylan Clark Productions, DC Films, Warner Bros. Pictures",25.6098,7.663,12132,2022,Crime,True,True,3.1771636648648647,7.8,923764,72.0,85.0,PG-13,369801546.0,Nominated for 3 Oscars. 40 wins & 176 nominations total
8587,tt0110357,The Lion King,1994-06-15,"Animation, Family, Drama",45000000.0,763455561.0,89,en,"Walt Disney Pictures, Walt Disney Feature Animation",14.7211,8.254,19846,1994,Animation,True,True,15.965679133333332,8.5,1248136,88.0,92.0,G,424979720.0,Won 2 Oscars. 43 wins & 35 nominations total
616037,tt10648342,Thor: Love and Thunder,2022-07-06,"Fantasy, Action, Comedy",250000000.0,760928081.0,119,en,"Marvel Studios, Kevin Feige Productions",6.5548,6.369,8659,2022,Fantasy,True,True,2.043712324,6.1,459337,57.0,64.0,PG-13,343256830.0,5 wins & 24 nominations total
384018,tt6806448,Fast & Furious Presents: Hobbs & Shaw,2019-07-31,"Action, Adventure, Comedy",200000000.0,760098996.0,137,en,"Chris Morgan Productions, Seven Bucks Productions, Universal Pictures",7.3475,6.829,7827,2019,Action,True,True,2.80049498,6.4,255155,60.0,67.0,PG-13,173956935.0,1 win & 25 nominations total
591,tt0382625,The Da Vinci Code,2006-05-17,"Thriller, Mystery",125000000.0,760006945.0,149,en,"Imagine Entertainment, Skylark Productions",5.7818,6.732,10148,2006,Thriller,True,True,5.08005556,6.6,480857,46.0,25.0,PG-13,217536138.0,8 wins & 21 nominations total
402431,tt1262426,Wicked,2024-10-16,"Drama, Romance, Fantasy",150000000.0,758827029.0,162,en,"Universal Pictures, Marc Platt Productions",9.5813,6.912,3111,2024,Drama,True,True,4.05884686,7.4,191746,73.0,88.0,PG,474560015.0,Won 2 Oscars. 125 wins & 324 nominations total
1930,tt0948470,The Amazing Spider-Man,2012-06-23,"Action, Adventure, Science Fiction",215000000.0,758725893.0,136,en,"Marvel Entertainment, Laura Ziskin Productions, Columbia Pictures, Matt Tolmach Productions, Arad Productions",11.274,6.741,18678,2012,Action,True,True,2.528957641860465,6.9,763493,66.0,71.0,PG-13,262782352.0,2 wins & 33 nominations total
102651,tt1587310,Maleficent,2014-05-28,"Fantasy, Adventure, Action, Family, Romance",180000000.0,758539785.0,97,en,"Walt Disney Pictures, Roth Films",12.7826,7.1,13801,2014,Fantasy,True,True,3.2141099166666667,6.9,420347,56.0,54.0,PG,241410378.0,Nominated for 1 Oscar. 12 wins & 44 nominations total
131631,tt1951265,The Hunger Games: Mockingjay - Part 1,2014-11-19,"Science Fiction, Adventure, Thriller",125000000.0,755356711.0,123,en,"Lionsgate, Color Force",12.8139,6.8,16811,2014,Science Fiction,True,True,5.042853688,6.6,541925,64.0,70.0,PG-13,337135885.0,21 wins & 32 nominations total
10192,tt0892791,Shrek Forever After,2010-05-20,"Comedy, Adventure, Fantasy, Animation, Family",165000000.0,752600867.0,93,en,DreamWorks Animation,5.9094,6.406,8023,2010,Comedy,True,True,3.561217375757576,6.3,243636,58.0,58.0,PG,238736787.0,1 win & 13 nominations total
297761,tt1386697,Suicide Squad,2016-08-03,"Action, Adventure, Fantasy",175000000.0,749200054.0,122,en,"Warner Bros. Pictures, RatPac Entertainment, DC Films, Atlas Entertainment",7.8688,5.917,22204,2016,Action,True,True,3.281143165714285,5.9,758745,40.0,26.0,PG-13,325100054.0,Won 1 Oscar. 18 wins & 41 nominations total
127585,tt1877832,X-Men: Days of Future Past,2014-05-15,"Action, Adventure, Science Fiction",250000000.0,748045700.0,132,en,"Bad Hat Harry Productions, The Donners' Company, 20th Century Fox, Marvel Entertainment, TSG Entertainment, Genre Films",11.2508,7.533,16378,2014,Action,True,True,1.9921828,7.9,786991,75.0,90.0,PG-13,233921534.0,Nominated for 1 Oscar. 16 wins & 48 nominations total
80321,tt1277953,Madagascar 3: Europe's Most Wanted,2012-06-06,"Animation, Family, Comedy, Adventure",145000000.0,746921274.0,93,en,"DreamWorks Animation, Pacific Data Images",16.2442,6.642,6621,2012,Animation,True,True,4.1511812,6.8,215044,60.0,78.0,PG,216391482.0,3 wins & 20 nominations total
157336,tt0816692,Interstellar,2014-11-05,"Adventure, Drama, Science Fiction",165000000.0,746606706.0,169,en,"Legendary Pictures, Syncopy, Lynda Obst Productions",57.4104,8.482,40335,2014,Adventure,True,True,3.5248891272727274,8.7,2516752,74.0,73.0,PG-13,203227580.0,Won 1 Oscar. 45 wins & 148 nominations total
411,tt0363771,"The Chronicles of Narnia: The Lion, the Witch and the Wardrobe",2005-12-07,"Adventure, Family, Fantasy",180000000.0,745013115.0,143,en,"Walt Disney Pictures, Walden Media, C.S. Lewis Company",9.6304,7.139,11604,2005,Adventure,True,True,3.13896175,6.9,450246,75.0,76.0,PG,291710957.0,Won 1 Oscar. 18 wins & 46 nominations total
62211,tt1453405,Monsters University,2013-06-19,"Animation, Family, Comedy, Fantasy",200000000.0,743559465.0,104,en,Pixar,12.9744,7.1,11409,2013,Animation,True,True,2.717797325,7.2,421121,65.0,80.0,G,268492764.0,Nominated for 2 BAFTA 9 wins & 58 nominations total
615453,tt10627720,Ne Zha,2019-07-26,"Animation, Fantasy, Adventure",22000000.0,742718496.0,110,zh,"Beijing Enlight Pictures, Horgos Coloroom Pictures, October Media, Chengdu Coco Cartoon",5.4443,7.906,901,2019,Animation,True,True,32.75993163636364,7.3,21890,56.0,88.0,Not Rated,3695533.0,21 wins & 26 nominations total
604,tt0234215,The Matrix Reloaded,2003-05-15,"Adventure, Action, Thriller, Science Fiction",150000000.0,738599701.0,138,en,"Village Roadshow Pictures, Silver Pictures, NPV Entertainment",6.0486,7.082,12078,2003,Adventure,True,True,3.923998006666667,7.2,666077,62.0,74.0,R,281576461.0,8 wins & 34 nominations total
14160,tt1049413,Up,2009-05-28,"Animation, Comedy, Family, Adventure",175000000.0,735103954.0,96,en,Pixar,9.3587,8.0,21826,2009,Animation,True,True,3.200594022857143,8.3,1225827,88.0,98.0,PG,293004164.0,Won 2 Oscars. 81 wins & 88 nominations total
1311031,tt32820897,Demon Slayer: Kimetsu no Yaiba Infinity Castle,2025-07-18,"Animation, Action, Fantasy",20000000.0,733030221.0,156,ja,"ufotable, Aniplex, Shueisha",86.0894,7.7,902,2025,Animation,True,True,35.65151105,8.4,64082,67.0,98.0,R,134519077.0,2 wins & 7 nominations total
385128,tt5433138,F9,2021-05-19,"Action, Adventure, Crime",200000000.0,726229501.0,143,en,"Original Film, One Race, Perfect Storm Entertainment, Universal Pictures, Roth-Kirschenbaum Films",4.0482,6.992,7763,2021,Action,True,True,2.631147505,5.2,179684,58.0,59.0,PG-13,173005945.0,2 wins & 13 nominations total
49047,tt1454468,Gravity,2013-10-03,"Science Fiction, Thriller, Drama",105000000.0,723192705.0,91,en,"Esperanto Filmoj, Warner Bros. Pictures, Heyday Films",4.1763,7.171,16441,2013,Science Fiction,True,True,5.887549571428571,7.7,895643,96.0,96.0,PG-13,274092705.0,Won 7 Oscars. 240 wins & 188 nominations total
762509,tt13186482,Mufasa: The Lion King,2024-12-18,"Adventure, Family, Animation",200000000.0,722631756.0,118,en,Walt Disney Pictures,8.5054,7.303,2709,2024,Adventure,True,True,2.61315878,6.6,80914,56.0,56.0,PG,254567693.0,1 win & 18 nominations total
346364,tt1396484,It,2017-09-06,"Horror, Thriller, Drama",35000000.0,719766009.0,135,en,"New Line Cinema, Vertigo Entertainment, Lin Pictures, KatzSmith Productions",5.29,7.24,20439,2017,Horror,True,True,19.564743114285715,7.3,694027,69.0,85.0,R,328874981.0,12 wins & 49 nominations total
102382,tt1872181,The Amazing Spider-Man 2,2014-04-16,"Action, Adventure, Science Fiction",200000000.0,716934779.0,141,en,"Columbia Pictures, Matt Tolmach Productions, Arad Productions, Marvel Entertainment",17.8062,6.547,14375,2014,Action,True,True,2.584673895,6.6,588917,53.0,50.0,PG-13,203605622.0,4 wins & 30 nominations total
693134,tt15239678,Dune: Part Two,2024-02-27,"Science Fiction, Adventure",190000000.0,714844358.0,167,en,Legendary Pictures,25.1473,8.1,8184,2024,Science Fiction,True,True,2.762338726315789,8.4,734902,79.0,92.0,PG-13,282144358.0,Won 2 Oscars. 125 wins & 376 nominations total
100402,tt1843866,Captain America: The Winter Soldier,2014-03-20,"Action, Adventure, Science Fiction",170000000.0,714766572.0,136,en,Marvel Studios,8.6695,7.655,20136,2014,Action,True,True,3.2045092470588235,7.7,970692,70.0,90.0,PG-13,259766572.0,Nominated for 1 Oscar. 5 wins & 52 nominations total
50619,tt1324999,The Twilight Saga: Breaking Dawn - Part 1,2011-11-16,"Adventure, Fantasy, Romance",110000000.0,712171856.0,117,en,"Summit Entertainment, Sunswept Entertainment, TSBD Canada Productions, TSBD Louisiana, TSBD Productions, Temple Hill Entertainment, Total Entertainment",12.6217,6.2,9315,2011,Adventure,True,True,5.4742896,4.9,271400,45.0,25.0,PG-13,281797623.0,11 wins & 22 nominations total
119450,tt2103281,Dawn of the Planet of the Apes,2014-07-08,"Science Fiction, Action, Drama, Thriller",170000000.0,710644566.0,130,en,"TSG Entertainment, Chernin Entertainment, Ingenious Media, 20th Century Fox",11.001,7.339,12310,2014,Science Fiction,True,True,3.1802621529411765,7.6,508717,79.0,91.0,PG-13,208545589.0,Nominated for 1 Oscar. 17 wins & 48 nominations total
18239,tt1259571,The Twilight Saga: New Moon,2009-11-18,"Adventure, Fantasy, Drama, Romance",50000000.0,709827462.0,131,en,"Summit Entertainment, Temple Hill Entertainment, Maverick Films, Imprint Entertainment, Sunswept Entertainment",4.6408,6.0,9798,2009,Adventure,True,True,13.19654924,4.8,320139,44.0,28.0,PG-13,298410482.0,23 wins & 24 nominations total
1858,tt0418279,Transformers,2007-06-27,"Adventure, Science Fiction, Action",150000000.0,709709780.0,144,en,"DreamWorks Pictures, di Bonaventura Pictures, DeSanto/Murphy Productions, Paramount Pictures",2.1989,6.839,12329,2007,Adventure,True,True,3.7313985333333335,7.1,714583,61.0,57.0,PG-13,319246193.0,Nominated for 3 Oscars. 25 wins & 50 nominations total
385687,tt5433140,Fast X,2023-05-17,"Action, Crime, Thriller",340000000.0,704709660.0,142,en,"Universal Pictures, Original Film, One Race, Perfect Storm Entertainment",17.5848,6.99,6392,2023,Action,True,True,1.072675470588235,5.7,145538,56.0,56.0,PG-13,146126015.0,2 wins & 24 nominations total
24021,tt1325004,The Twilight Saga: Eclipse,2010-06-23,"Adventure, Fantasy, Drama, Romance",68000000.0,698491347.0,124,en,"Summit Entertainment, Temple Hill Entertainment, Imprint Entertainment, Maverick Films, Sunswept Entertainment",5.3528,6.2,9292,2010,Adventure,True,True,9.271931573529413,5.1,279535,58.0,46.0,PG-13,300840764.0,23 wins & 35 nominations total
56292,tt1229238,Mission: Impossible - Ghost Protocol,2011-12-07,"Action, Thriller, Adventure",145000000.0,694713380.0,133,en,"Paramount Pictures, Bad Robot, TC Productions, Skydance Media",7.0542,7.115,10843,2011,Action,True,True,3.7911267586206896,7.4,565615,73.0,93.0,PG-13,209397903.0,5 wins & 30 nominations total
70160,tt1392170,The Hunger Games,2012-03-12,"Science Fiction, Adventure, Action, Thriller",75000000.0,694000000.0,142,en,"Lionsgate, Color Force",8.0653,7.2,23433,2012,Science Fiction,True,True,8.253333333333334,7.2,1074757,68.0,84.0,PG-13,408010692.0,Won 1 BAFTA Award34 wins & 49 nominations total
569094,tt9362722,Spider-Man: Across the Spider-Verse,2023-05-31,"Animation, Action, Adventure, Science Fiction",100000000.0,690897910.0,140,en,"Columbia Pictures, Sony Pictures Animation, Lord Miller, Pascal Pictures, Arad Productions, Marvel Entertainment",25.9976,8.34,8805,2023,Animation,True,True,5.9089791,8.5,509515,86.0,95.0,PG,381593754.0,Nominated for 1 Oscar. 107 wins & 164 nominations total
277834,tt3521164,Moana,2016-10-13,"Adventure, Comedy, Family, Animation",150000000.0,690860472.0,107,en,Walt Disney Animation Studios,7.8129,7.565,13840,2016,Adventure,True,True,3.60573648,7.6,436011,81.0,95.0,PG,248757044.0,Nominated for 2 Oscars. 22 wins & 90 nominations total
1314481,tt33612209,The Devil Wears Prada 2,2026-04-29,"Comedy, Drama",100000000.0,689469075.0,119,en,"20th Century Studios, Wendy Finerman Productions",185.7326,7.125,1540,2026,Comedy,True,True,5.89469075,6.5,73728,63.0,,PG-13,220505976.0,2 wins & 4 nominations total
602666,tt10370822,Detective Chinatown 3,2021-02-12,"Action, Comedy, Mystery",117000000.0,686257563.0,136,zh,"Beijing Yitong Legend Films, China Film Co-Production, As One Production, Wanda Pictures",1.927,5.62,117,2021,Action,True,True,4.8654492564102565,5.6,3028,,60.0,R,,5 wins & 5 nominations total
687163,tt12042730,Project Hail Mary,2026-03-15,"Science Fiction, Adventure",200000000.0,683349773.0,157,en,"Lord Miller, Amazon MGM Studios, Pascal Pictures, Open Invite Entertainment, Waypoint Entertainment",171.0115,8.7,6190,2026,Science Fiction,True,True,2.416748865,8.2,433769,77.0,94.0,PG-13,344050007.0,7 wins & 11 nominations total
177677,tt2381249,Mission: Impossible - Rogue Nation,2015-07-28,"Action, Adventure",150000000.0,682716636.0,131,en,"Paramount Pictures, Bad Robot, Odin, Skydance Media",7.7954,7.226,9786,2015,Action,True,True,3.55144424,7.4,445302,75.0,94.0,PG-13,195042377.0,6 wins & 26 nominations total
13,tt0109830,Forrest Gump,1994-06-23,"Comedy, Drama, Romance",55000000.0,677387716.0,142,en,"Paramount Pictures, The Steve Tisch Company, Wendy Finerman Productions",15.7142,8.465,29989,1994,Comedy,True,True,11.316140290909091,8.8,2493306,82.0,75.0,PG-13,330455270.0,Won 6 Oscars. 51 wins & 74 nominations total
284052,tt1211837,Doctor Strange,2016-10-25,"Fantasy, Adventure, Action",180000000.0,676343174.0,115,en,Marvel Studios,11.7013,7.423,23564,2016,Fantasy,True,True,2.757462077777778,7.5,877590,72.0,89.0,PG-13,232641920.0,Nominated for 1 Oscar. 21 wins & 68 nominations total
1066298,tt21148018,Full River Red,2023-01-22,"Mystery, Comedy, Thriller, History",,673556758.0,157,zh,"Huanxi Media, Edko Films, Emperor Motion Pictures",0.7368,6.0,177,2023,Mystery,False,True,,6.4,3918,75.0,94.0,Not Rated,,27 wins & 22 nominations total
745,tt0167404,The Sixth Sense,1999-08-06,"Mystery, Thriller, Drama",40000000.0,672800000.0,107,en,"Spyglass Entertainment, The Kennedy/Marshall Company, Hollywood Pictures, Barry Mendel Productions",6.8499,7.955,13000,1999,Mystery,True,True,15.82,8.2,1136530,64.0,86.0,PG-13,293506292.0,Nominated for 6 Oscars. 37 wins & 56 nominations total
1729016,tt32536035,The Yoshi Movie,2025-11-22,"Adventure, Action, Comedy",200000.0,670000000.0,90,en,"Awesome Studios, Yoshi Plush Studios",0.2116,0.0,0,2025,Adventure,True,True,3349.0,,8,,,,,
49521,tt0770828,Man of Steel,2013-06-12,"Action, Adventure, Science Fiction",225000000.0,668045518.0,143,en,"Syncopy, Peters Entertainment, Warner Bros. Pictures, DC",11.3354,6.653,16337,2013,Action,True,True,1.969091191111111,7.1,865769,55.0,56.0,PG-13,291045518.0,Nominated for 1 BAFTA Award. 7 wins & 46 nominations total
49444,tt1302011,Kung Fu Panda 2,2011-05-25,"Animation, Family, Comedy, Action",150000000.0,665692281.0,91,en,DreamWorks Animation,10.7097,7.075,7984,2011,Animation,True,True,3.43794854,7.3,349971,67.0,82.0,PG,165249063.0,Nominated for 1 Oscar. 5 wins & 47 nominations total
842675,tt13539646,The Wandering Earth II,2023-01-22,"Science Fiction, Action, Adventure",73800000.0,665000000.0,174,zh,"Guo Fan Culture and Media, G!Film Studio, DF Pictures, China Film Group Corporation",3.2204,7.293,733,2023,Science Fiction,True,True,8.010840108401084,6.7,16204,56.0,83.0,Not Rated,5023132.0,39 wins & 32 nominations total
141052,tt0974015,Justice League,2017-11-15,"Action, Adventure, Science Fiction",300000000.0,661326987.0,120,en,"Cruel & Unusual Films, Atlas Entertainment, Warner Bros. Pictures, RatPac Entertainment, DC Films",5.574,6.071,13747,2017,Action,True,True,1.20442329,6.0,502540,45.0,39.0,PG-13,229024295.0,2 wins & 15 nominations total
950,tt0438097,Ice Age: The Meltdown,2006-03-29,"Animation, Family, Comedy, Adventure",80000000.0,660998756.0,91,en,"20th Century Fox Animation, Blue Sky Studios, 20th Century Fox",6.444,6.725,10417,2006,Animation,True,True,7.26248445,6.8,316256,59.0,56.0,PG,195330621.0,8 wins & 16 nominations total
177572,tt2245084,Big Hero 6,2014-10-24,"Adventure, Family, Animation, Action, Comedy",165000000.0,657870525.0,102,en,Walt Disney Animation Studios,23.4248,7.726,16697,2014,Adventure,True,True,2.987094090909091,7.8,548572,74.0,90.0,PG,222527828.0,Won 1 Oscar. 17 wins & 58 nominations total
1462229,tt38035835,Pegasus 3,2026-02-17,"Drama, Comedy",80000000.0,656459523.0,126,zh,"Shanghai PMF Media, Maoyan Entertainment, Damai Entertainment, Wanda Pictures, Bona Film Group, Fun Age Pictures, Zhejiang Hengdian Film Production, China Film Group Corporation, Shanghai Ruyi Film & TV Production 上海儒意影视制作",3.0253,7.2,39,2026,Drama,True,True,7.2057440375,,112,,,,,1 win total
22,tt0325980,Pirates of the Caribbean: The Curse of the Black Pearl,2003-07-09,"Adventure, Fantasy, Action",140000000.0,655011224.0,143,en,"Walt Disney Pictures, Jerry Bruckheimer Films",13.7763,7.831,22444,2003,Adventure,True,True,3.6786516,8.1,1323403,63.0,79.0,PG-13,305413918.0,Nominated for 5 Oscars. 38 wins & 104 nominations total
338952,tt4123430,Fantastic Beasts: The Crimes of Grindelwald,2018-11-14,"Fantasy, Adventure",200000000.0,654900000.0,134,en,"Warner Bros. Pictures, Heyday Films",3.6007,6.8,11537,2018,Fantasy,True,True,2.2745,6.5,329657,52.0,36.0,PG-13,159555901.0,Nominated for 2 BAFTA 3 wins & 22 nominations total
41154,tt1409024,Men in Black 3,2012-05-23,"Action, Comedy, Science Fiction",225000000.0,654213485.0,106,en,"Columbia Pictures, Hemisphere Media Capital, Amblin Entertainment, Parkes+MacDonald Image Nation, Image Nation Abu Dhabi",4.0121,6.546,11062,2012,Action,True,True,1.907615488888889,6.8,409954,58.0,67.0,PG-13,179020854.0,2 wins & 13 nominations total
131634,tt1951266,The Hunger Games: Mockingjay - Part 2,2015-11-18,"Action, Adventure, Science Fiction",160000000.0,653428261.0,137,en,"Lionsgate, Color Force, Studio Babelsberg",8.5074,6.9,13423,2015,Action,True,True,3.08392663125,6.6,410756,65.0,70.0,PG-13,281723902.0,15 wins & 34 nominations total
1894,tt0121765,Star Wars: Episode II - Attack of the Clones,2002-05-15,"Adventure, Action, Science Fiction",120000000.0,649398328.0,142,en,Lucasfilm Ltd.,6.88,6.596,14468,2002,Adventure,True,True,4.411652733333334,6.6,815170,54.0,62.0,PG,310676740.0,Nominated for 1 Oscar. 21 wins & 71 nominations total
76338,tt1981115,Thor: The Dark World,2013-10-30,"Action, Adventure, Fantasy",170000000.0,644783140.0,112,en,Marvel Studios,10.9093,6.512,18433,2013,Action,True,True,2.792842,6.7,776160,54.0,67.0,PG-13,206362140.0,4 wins & 21 nominations total
1087192,tt26743210,How to Train Your Dragon,2025-06-06,"Fantasy, Family, Action, Adventure",150000000.0,636351148.0,125,en,"DreamWorks Animation, Marc Platt Productions",14.457,7.933,2959,2025,Fantasy,True,True,3.2423409866666666,7.7,131570,61.0,78.0,PG,262958100.0,Nominated for 1 BAFTA Award. 4 wins & 20 nominations total
787699,tt6166392,Wonka,2023-12-06,"Comedy, Family, Fantasy",125000000.0,634502312.0,117,en,"Warner Bros. Pictures, Village Roadshow Pictures, The Roald Dahl Story Company, Heyday Films, Domain Entertainment",6.7722,7.0,4443,2023,Comedy,True,True,4.076018496,6.9,188015,66.0,82.0,PG,218402312.0,Nominated for 1 BAFTA Award6 wins & 45 nominations total
335797,tt3470600,Sing,2016-11-23,"Animation, Comedy, Family, Music",75000000.0,634151679.0,108,en,Illumination,5.5157,7.124,8481,2016,Animation,True,True,7.45535572,7.1,210521,59.0,71.0,PG,270578425.0,3 wins & 25 nominations total
911430,tt16311594,F1,2025-06-25,"Action, Drama",300000000.0,634142436.0,156,en,"Plan B Entertainment, Jerry Bruckheimer Films, Dawn Apollo Films, Apple Studios, Monolith Pictures",27.5652,7.815,4270,2025,Action,True,True,1.11380812,7.6,353753,68.0,82.0,PG-13,189642436.0,Won 1 Oscar. 31 wins & 129 nominations total
9502,tt0441773,Kung Fu Panda,2008-06-04,"Action, Animation, Comedy, Family",130000000.0,632091832.0,90,en,DreamWorks Animation,9.8761,7.331,12773,2008,Action,True,True,3.8622448615384615,7.6,574537,74.0,87.0,PG,216064546.0,Nominated for 1 Oscar. 15 wins & 39 nominations total
9806,tt0317705,The Incredibles,2004-10-27,"Action, Adventure, Animation, Family",92000000.0,631442092.0,115,en,Pixar,8.5353,7.727,19034,2004,Action,True,True,5.863501,8.0,891503,90.0,,PG,261441092.0,Won 2 Oscars. 70 wins & 56 nominations total
286217,tt3659388,The Martian,2015-09-30,"Science Fiction, Drama, Adventure",108000000.0,631058917.0,141,en,"Genre Films, TSG Entertainment, 20th Century Fox, Scott Free Productions",17.0992,7.704,21439,2015,Science Fiction,True,True,4.84313812037037,8.0,999128,80.0,91.0,PG-13,228433663.0,Nominated for 7 Oscars. 40 wins & 199 nominations total
8960,tt0448157,Hancock,2008-07-01,"Fantasy, Action",150000000.0,629400000.0,92,en,"Columbia Pictures, Relativity Media, Blue Light, Weed Road Pictures, Overbrook Entertainment",3.0651,6.356,10333,2008,Fantasy,True,True,3.196,6.4,534419,49.0,42.0,R,227946274.0,4 wins & 14 nominations total
928123,tt16194408,The Battle at Lake Changjin II: Water Gate Bridge,2022-02-01,"War, History, Action",200000000.0,626203271.0,149,zh,"Bona Film Group, Distribution Workshop, Alibaba Pictures Group, Huaxia Film Distribution, Just Creative Studio, Mandrill Visual Effects, China Film Group Corporation",0.9004,6.263,97,2022,War,True,True,2.131016355,5.6,1718,,,,117294.0,14 wins & 17 nominations total
51497,tt1596343,Fast Five,2011-04-20,"Action, Thriller, Crime",125000000.0,626100000.0,131,en,"Original Film, Universal Pictures, One Race",1.199,7.244,8939,2011,Action,True,True,4.0088,7.3,430221,66.0,77.0,PG-13,209837675.0,9 wins & 21 nominations total
10138,tt1228705,Iron Man 2,2010-04-28,"Adventure, Action, Science Fiction",200000000.0,623933331.0,124,en,"Marvel Studios, Fairview Entertainment, Marvel Entertainment",9.6522,6.9,22536,2010,Adventure,True,True,2.119666655,6.9,936571,57.0,72.0,PG-13,312433331.0,Nominated for 1 Oscar. 7 wins & 45 nominations total
2062,tt0382932,Ratatouille,2007-06-28,"Animation, Comedy, Family, Fantasy",150000000.0,623726000.0,111,en,Pixar,12.6315,7.845,18651,2007,Animation,True,True,3.158173333333333,8.1,940588,96.0,96.0,G,206445654.0,Won 1 Oscar. 69 wins & 42 nominations total
363088,tt5095030,Ant-Man and the Wasp,2018-07-04,"Action, Adventure, Science Fiction",140000000.0,622674139.0,119,en,Marvel Studios,4.4906,6.902,14272,2018,Action,True,True,3.4476724214285714,7.0,493940,70.0,87.0,PG-13,216648740.0,2 wins & 21 nominations total
82702,tt1646971,How to Train Your Dragon 2,2014-06-05,"Fantasy, Action, Adventure, Animation, Family",145000000.0,621537519.0,102,en,DreamWorks Animation,15.3363,7.7,10529,2014,Fantasy,True,True,3.286465648275862,7.8,398152,77.0,92.0,PG,177002924.0,Nominated for 1 Oscar. 15 wins & 61 nominations total
263115,tt3315342,Logan,2017-02-28,"Action, Drama, Science Fiction",97000000.0,619021436.0,137,en,"Hutch Parker Entertainment, The Donners' Company, Genre Films, 20th Century Fox, Marvel Entertainment, TSG Entertainment",17.9315,7.821,20533,2017,Action,True,True,5.381664288659794,8.1,917281,77.0,93.0,R,226277068.0,Nominated for 1 Oscar. 28 wins & 82 nominations total
