imdb_id,imdb_rating,imdb_votes,metascore,rotten_tomatoes,rated,box_office,awards
tt0499549,7.9,1486308,83.0,81.0,PG-13,785221649.0,Won 3 Oscars. 91 wins & 131 nominations total
tt4154796,8.4,1442446,78.0,94.0,PG-13,858373000.0,Nominated for 1 Oscar. 71 wins & 132 nominations total
tt1630029,7.5,601100,67.0,76.0,PG-13,688459501.0,Won 1 Oscar. 74 wins & 153 nominations total
tt0120338,8.0,1389357,75.0,88.0,PG-13,674354882.0,Won 11 Oscars. 126 wins & 84 nominations total
tt34956443,7.9,23207,68.0,91.0,PG-13,23308176.0,20 wins & 8 nominations total
tt2488496,7.7,1018738,80.0,93.0,PG-13,936662225.0,Nominated for 5 Oscars. 64 wins & 140 nominations total
tt4154756,8.4,1368739,68.0,85.0,PG-13,678815482.0,Nominated for 1 Oscar. 48 wins & 80 nominations total
tt10872600,8.1,1017543,71.0,93.0,PG-13,814866759.0,Nominated for 1 Oscar. 35 wins & 72 nominations total
tt26443597,7.3,141989,73.0,92.0,PG,428130160.0,Nominated for 1 Oscar. 20 wins & 90 nominations total
tt22022452,7.5,245290,73.0,91.0,PG,652980194.0,Nominated for 1 Oscar. 7 wins & 107 nominations total
tt0369610,6.9,723175,59.0,72.0,PG-13,653406625.0,15 wins & 58 nominations total
tt6105098,6.8,290328,55.0,52.0,PG,543638043.0,Nominated for 1 Oscar. 21 wins & 44 nominations total
tt0848228,8.0,1555308,69.0,91.0,PG-13,623357910.0,Nominated for 1 Oscar. 40 wins & 81 nominations total
tt2820852,7.1,437204,67.0,81.0,PG-13,353007020.0,36 wins & 36 nominations total
tt1757678,7.2,191187,61.0,66.0,PG-13,404340010.0,Won 1 Oscar. 41 wins & 62 nominations total
tt1745960,8.2,855273,78.0,96.0,PG-13,718732821.0,Won 1 Oscar. 114 wins & 237 nominations total
tt4520988,6.8,216694,64.0,77.0,PG,477373578.0,Nominated for 1 Oscar. 18 wins & 95 nominations total
tt1517268,6.8,667737,80.0,88.0,PG-13,636238421.0,Won 1 Oscar. 215 wins & 436 nominations total
tt2395427,7.3,998463,66.0,75.0,PG-13,459005868.0,8 wins & 52 nominations total
tt6718170,7.0,295821,46.0,59.0,PG,574934330.0,2 wins & 49 nominations total
tt1825683,7.3,907405,88.0,96.0,PG-13,700426566.0,Won 3 Oscars. 125 wins & 289 nominations total
tt1201607,8.1,1035967,85.0,96.0,PG-13,381884297.0,Nominated for 3 Oscars. 49 wins & 96 nominations total
tt6263850,7.5,565006,56.0,77.0,R,636745858.0,31 wins & 71 nominations total
tt2527336,6.8,714411,84.0,91.0,PG-13,620181382.0,Nominated for 4 Oscars. 26 wins & 100 nominations total
tt4881806,6.1,382093,51.0,47.0,PG-13,417719760.0,5 wins & 26 nominations total
tt2294629,7.4,708011,75.0,89.0,PG,400953009.0,Won 2 Oscars. 83 wins & 60 nominations total
tt2771200,7.1,356758,65.0,71.0,PG,504481165.0,Nominated for 2 Oscars. 17 wins & 81 nominations total
tt3606756,7.5,366471,80.0,93.0,PG,608581744.0,Nominated for 1 Oscar. 14 wins & 81 nominations total
tt4630562,6.6,273831,56.0,67.0,PG-13,226008385.0,2 wins & 16 nominations total
tt1300854,7.1,964747,62.0,79.0,PG-13,409013994.0,Nominated for 1 Oscar. 20 wins & 63 nominations total
tt2293640,6.4,281964,56.0,55.0,PG,336045770.0,Nominated for 1 BAFTA Award4 wins & 29 nominations total
tt3498820,7.8,925892,75.0,90.0,PG-13,408084349.0,16 wins & 73 nominations total
tt1477834,6.8,552623,55.0,66.0,PG-13,335104314.0,3 wins & 36 nominations total
tt6320628,7.3,637793,69.0,91.0,PG-13,391283774.0,11 wins & 26 nominations total
tt4154664,6.7,658051,64.0,79.0,PG-13,426829839.0,10 wins & 57 nominations total
tt1399103,6.2,453805,42.0,35.0,PG-13,352390543.0,Nominated for 3 Oscars. 11 wins & 42 nominations total
tt0167260,9.0,2161991,94.0,94.0,PG-13,386975644.0,Won 11 Oscars. 215 wins & 124 nominations total
tt1074638,7.8,768360,81.0,92.0,PG-13,304360277.0,Won 2 Oscars. 69 wins & 125 nominations total
tt2109248,5.6,347982,32.0,18.0,PG-13,245439076.0,5 wins & 23 nominations total
tt1345836,8.4,1990749,78.0,87.0,PG-13,448149584.0,Nominated for 1 BAFTA Award. 45 wins & 103 nominations total
tt7286456,8.3,1690149,59.0,68.0,R,335477657.0,Won 2 Oscars. 120 wins & 247 nominations total
tt2527338,6.3,536918,53.0,51.0,PG-13,515202542.0,Nominated for 3 Oscars. 21 wins & 55 nominations total
tt1979376,7.6,310352,84.0,97.0,G,434038008.0,Won 1 Oscar. 61 wins & 65 nominations total
tt0435761,8.3,961588,92.0,98.0,G,415004880.0,Won 2 Oscars. 63 wins & 96 nominations total
tt0383574,7.4,825206,53.0,53.0,PG-13,423315812.0,Won 1 Oscar. 45 wins & 54 nominations total
tt13622970,6.3,125961,58.0,61.0,PG,460405297.0,6 wins & 30 nominations total
tt3748528,7.8,748381,65.0,84.0,PG-13,533539991.0,Nominated for 2 Oscars. 24 wins & 85 nominations total
tt6139732,6.9,312476,53.0,57.0,PG,355559216.0,9 wins & 39 nominations total
tt1298650,6.6,606603,45.0,32.0,PG-13,241071802.0,3 wins & 31 nominations total
tt0120915,6.5,917424,51.0,54.0,PG,487576624.0,Nominated for 3 Oscars. 28 wins & 71 nominations total
tt11655566,6.7,93833,53.0,72.0,PG,423778855.0,Nominated for 1 BAFTA Award. 10 nominations total
tt3469046,6.3,178392,49.0,58.0,PG,264624300.0,33 nominations total
tt2277860,7.2,331036,77.0,94.0,PG,486295561.0,Nominated for 1 BAFTA Award17 wins & 48 nominations total
tt2948356,8.0,625023,78.0,98.0,PG,341268248.0,Won 1 Oscar. 49 wins & 75 nominations total
tt1014759,6.4,464214,53.0,51.0,PG,334191110.0,Won 2 Oscars. 35 wins & 65 nominations total
tt0903624,7.8,926871,58.0,64.0,PG-13,303030651.0,Nominated for 3 Oscars. 11 wins & 76 nominations total
tt28650488,6.3,55972,37.0,,PG,427096185.0,N/A
tt0468569,9.1,3161907,85.0,94.0,PG-13,534987076.0,Won 2 Oscars. 163 wins & 165 nominations total
tt8041270,5.6,245361,38.0,28.0,PG-13,376851080.0,1 win & 26 nominations total
tt11378946,7.5,144205,39.0,38.0,PG-13,371294610.0,7 wins & 5 nominations total
tt2283362,6.9,501548,58.0,76.0,PG-13,404540171.0,5 wins & 15 nominations total
tt0241527,7.7,944457,65.0,80.0,PG,319765078.0,Nominated for 3 Oscars. 20 wins & 75 nominations total
tt7510222,6.2,76384,52.0,56.0,PG,361004205.0,2 wins & 6 nominations total
tt1690953,7.3,456712,62.0,75.0,PG,368065385.0,Nominated for 2 Oscars. 12 wins & 66 nominations total
tt3040964,7.3,304379,77.0,94.0,PG,364001123.0,Won 1 Oscar. 33 wins & 56 nominations total
tt0449088,7.2,743246,50.0,43.0,PG-13,309420425.0,Nominated for 2 Oscars. 23 wins & 51 nominations total
tt3566834,5.6,153774,45.0,,PG,424087780.0,2 wins & 15 nominations total
tt1170358,7.8,752978,66.0,74.0,PG-13,258387334.0,Nominated for 3 Oscars. 19 wins & 90 nominations total
tt2310332,7.4,617163,59.0,59.0,R,255138261.0,Nominated for 1 Oscar. 8 wins & 56 nominations total
tt9419884,6.9,543288,60.0,73.0,PG-13,411331607.0,10 wins & 31 nominations total
tt0926084,7.7,659115,65.0,77.0,PG-13,296374621.0,Nominated for 2 Oscars. 15 wins & 55 nominations total
tt15398776,8.2,1024033,90.0,93.0,R,330078895.0,Won 7 Oscars. 370 wins & 378 nominations total
tt0266543,8.2,1196544,90.0,99.0,G,380843261.0,Won 1 Oscar. 49 wins & 63 nominations total
tt5113044,6.5,102656,56.0,70.0,PG,370549695.0,1 win & 17 nominations total
tt0373889,7.5,693356,71.0,78.0,PG-13,292382727.0,Nominated for 2 BAFTA 17 wins & 50 nominations total
tt0417741,7.6,653701,78.0,83.0,PG,302334374.0,Nominated for 1 Oscar. 9 wins & 39 nominations total
tt0298148,7.4,550541,75.0,89.0,PG,444978202.0,Nominated for 2 Oscars. 18 wins & 52 nominations total
tt0167261,8.8,1954618,87.0,95.0,PG-13,350104956.0,Won 2 Oscars. 132 wins & 139 nominations total
tt0107290,8.2,1167043,68.0,91.0,PG-13,407185075.0,Won 3 Oscars. 44 wins & 27 nominations total
tt1727824,7.9,638785,49.0,60.0,PG-13,216668042.0,Won 4 Oscars. 50 wins & 80 nominations total
tt13462900,5.5,4690,,36.0,Not Rated,342411.0,37 wins & 40 nominations total
tt0330373,7.7,746138,81.0,88.0,PG-13,291239805.0,Nominated for 1 Oscar. 13 wins & 48 nominations total
tt0413300,6.3,692051,59.0,62.0,PG-13,338032318.0,Nominated for 1 BAFTA Award4 wins & 44 nominations total
tt29355505,7.5,40356,73.0,93.0,PG,370198297.0,4 nominations total
tt1080016,6.9,283955,50.0,46.0,PG,196573705.0,3 wins & 13 nominations total
tt2250912,7.4,795043,73.0,92.0,PG-13,334952829.0,8 wins & 11 nominations total
tt2379713,6.8,493010,60.0,63.0,PG-13,200074609.0,Won 1 Oscar. 8 wins & 37 nominations total
tt1667889,6.5,240893,49.0,37.0,PG,161321843.0,2 wins & 11 nominations total
tt0295297,7.5,759564,63.0,82.0,PG,263094348.0,Won 1 BAFTA Award14 wins & 50 nominations total
tt2709768,6.5,233985,61.0,70.0,PG,368623860.0,4 wins & 15 nominations total
tt2975590,6.4,790738,44.0,28.0,R,330360194.0,14 wins & 33 nominations total
tt0120737,8.9,2203785,92.0,91.0,PG-13,325873309.0,Won 4 Oscars. 126 wins & 127 nominations total
tt7131870,5.9,9482,44.0,67.0,Not Rated,2721100.0,32 wins & 16 nominations total
tt31036941,5.8,194010,50.0,50.0,PG-13,339640400.0,Nominated for 1 Oscar. 3 wins & 14 nominations total
tt1951264,7.5,768630,76.0,90.0,PG-13,424668047.0,22 wins & 68 nominations total
tt3896198,7.6,828114,67.0,85.0,PG-13,389813101.0,Nominated for 1 Oscar. 15 wins & 62 nominations total
tt9114286,6.6,368850,67.0,84.0,PG-13,453829060.0,Won 1 Oscar. 53 wins & 173 nominations total
tt2096673,8.1,905131,94.0,98.0,PG,356461711.0,Won 1 Oscar. 99 wins & 118 nominations total
tt1270797,6.6,601600,35.0,31.0,PG-13,213515506.0,2 wins & 9 nominations total
tt3501632,7.9,892533,74.0,93.0,PG-13,315058289.0,6 wins & 50 nominations total
tt0121766,7.7,912634,68.0,79.0,PG-13,414378291.0,Nominated for 1 Oscar. 29 wins & 64 nominations total
tt6791350,7.9,470167,64.0,82.0,PG-13,358995815.0,Nominated for 1 Oscar. 12 wins & 100 nominations total
tt1375666,8.8,2811614,74.0,87.0,PG-13,292587330.0,Won 4 Oscars. 160 wins & 220 nominations total
tt1055369,6.0,451650,35.0,19.0,PG-13,402111870.0,Nominated for 1 Oscar. 15 wins & 30 nominations total
tt1673434,5.6,279805,52.0,49.0,PG-13,293144686.0,Nominated for 1 BAFTA Award22 wins & 17 nominations total
tt4912910,7.7,419025,87.0,98.0,PG-13,220159104.0,Nominated for 1 BAFTA Award. 26 wins & 42 nominations total
tt0451279,7.3,732467,76.0,93.0,PG-13,412845172.0,37 wins & 76 nominations total
tt13364790,6.9,3655,,,N/A,,33 wins & 37 nominations total
tt0145487,7.4,958249,73.0,90.0,PG-13,408524875.0,Nominated for 2 Oscars. 17 wins & 65 nominations total
tt0116629,7.0,642170,59.0,69.0,PG-13,306169268.0,Won 1 Oscar. 35 wins & 35 nominations total
tt2380307,8.4,704092,81.0,97.0,PG,210460015.0,Won 2 Oscars. 113 wins & 42 nominations total
tt3183660,7.2,537711,66.0,74.0,PG-13,234037575.0,Won 1 Oscar. 15 wins & 54 nominations total
tt0413267,6.1,357973,58.0,41.0,PG,322719944.0,Nominated for 1 BAFTA Award5 wins & 17 nominations total
tt7975244,6.6,316072,58.0,72.0,PG-13,320314960.0,2 wins & 10 nominations total
tt0083866,7.9,468998,92.0,99.0,PG,439454989.0,Won 4 Oscars. 52 wins & 39 nominations total
tt1790809,6.5,381325,39.0,30.0,PG-13,172558876.0,1 win & 14 nominations total
tt1190080,5.9,419441,49.0,40.0,PG-13,166112167.0,5 wins & 21 nominations total
tt0304141,7.9,761199,82.0,90.0,PG,250657586.0,Nominated for 2 Oscars. 17 wins & 56 nominations total
tt0316654,7.5,777496,83.0,93.0,PG-13,375087840.0,Won 1 Oscar. 25 wins & 60 nominations total
tt1905041,7.0,438036,61.0,71.0,PG-13,238679850.0,12 wins & 22 nominations total
tt0367882,6.2,511928,65.0,77.0,PG-13,317101119.0,Nominated for 1 BAFTA Award10 wins & 42 nominations total
tt5463162,7.6,742720,66.0,83.0,R,324591735.0,6 wins & 53 nominations total
tt1431045,8.0,1250978,65.0,85.0,R,363070709.0,29 wins & 78 nominations total
tt0076759,8.6,1555851,90.0,93.0,PG,460998507.0,Won 6 Oscars. 70 wins & 31 nominations total
tt2382320,7.3,481524,68.0,83.0,PG-13,160891007.0,Won 1 Oscar. 52 wins & 75 nominations total
tt2015381,8.0,1362435,76.0,91.0,PG-13,333718600.0,Nominated for 2 Oscars. 52 wins & 103 nominations total
tt1877830,7.8,923764,72.0,85.0,PG-13,369801546.0,Nominated for 3 Oscars. 40 wins & 176 nominations total
tt0110357,8.5,1248136,88.0,92.0,G,424979720.0,Won 2 Oscars. 43 wins & 35 nominations total
tt10648342,6.1,459337,57.0,64.0,PG-13,343256830.0,5 wins & 24 nominations total
tt6806448,6.4,255155,60.0,67.0,PG-13,173956935.0,1 win & 25 nominations total
tt0382625,6.6,480857,46.0,25.0,PG-13,217536138.0,8 wins & 21 nominations total
tt1262426,7.4,191746,73.0,88.0,PG,474560015.0,Won 2 Oscars. 125 wins & 324 nominations total
tt0948470,6.9,763493,66.0,71.0,PG-13,262782352.0,2 wins & 33 nominations total
tt1587310,6.9,420347,56.0,54.0,PG,241410378.0,Nominated for 1 Oscar. 12 wins & 44 nominations total
tt1951265,6.6,541925,64.0,70.0,PG-13,337135885.0,21 wins & 32 nominations total
tt0892791,6.3,243636,58.0,58.0,PG,238736787.0,1 win & 13 nominations total
tt1386697,5.9,758745,40.0,26.0,PG-13,325100054.0,Won 1 Oscar. 18 wins & 41 nominations total
tt1877832,7.9,786991,75.0,90.0,PG-13,233921534.0,Nominated for 1 Oscar. 16 wins & 48 nominations total
tt1277953,6.8,215044,60.0,78.0,PG,216391482.0,3 wins & 20 nominations total
tt0816692,8.7,2516752,74.0,73.0,PG-13,203227580.0,Won 1 Oscar. 45 wins & 148 nominations total
tt0363771,6.9,450246,75.0,76.0,PG,291710957.0,Won 1 Oscar. 18 wins & 46 nominations total
tt1453405,7.2,421121,65.0,80.0,G,268492764.0,Nominated for 2 BAFTA 9 wins & 58 nominations total
tt10627720,7.3,21890,56.0,88.0,Not Rated,3695533.0,21 wins & 26 nominations total
tt0234215,7.2,666077,62.0,74.0,R,281576461.0,8 wins & 34 nominations total
tt1049413,8.3,1225827,88.0,98.0,PG,293004164.0,Won 2 Oscars. 81 wins & 88 nominations total
tt32820897,8.4,64082,67.0,98.0,R,134519077.0,2 wins & 7 nominations total
tt5433138,5.2,179684,58.0,59.0,PG-13,173005945.0,2 wins & 13 nominations total
tt1454468,7.7,895643,96.0,96.0,PG-13,274092705.0,Won 7 Oscars. 240 wins & 188 nominations total
tt13186482,6.6,80914,56.0,56.0,PG,254567693.0,1 win & 18 nominations total
tt1396484,7.3,694027,69.0,85.0,R,328874981.0,12 wins & 49 nominations total
tt1872181,6.6,588917,53.0,50.0,PG-13,203605622.0,4 wins & 30 nominations total
tt15239678,8.4,734902,79.0,92.0,PG-13,282144358.0,Won 2 Oscars. 125 wins & 376 nominations total
tt1843866,7.7,970692,70.0,90.0,PG-13,259766572.0,Nominated for 1 Oscar. 5 wins & 52 nominations total
tt1324999,4.9,271400,45.0,25.0,PG-13,281797623.0,11 wins & 22 nominations total
tt2103281,7.6,508717,79.0,91.0,PG-13,208545589.0,Nominated for 1 Oscar. 17 wins & 48 nominations total
tt1259571,4.8,320139,44.0,28.0,PG-13,298410482.0,23 wins & 24 nominations total
tt0418279,7.1,714583,61.0,57.0,PG-13,319246193.0,Nominated for 3 Oscars. 25 wins & 50 nominations total
tt5433140,5.7,145538,56.0,56.0,PG-13,146126015.0,2 wins & 24 nominations total
tt1325004,5.1,279535,58.0,46.0,PG-13,300840764.0,23 wins & 35 nominations total
tt1229238,7.4,565615,73.0,93.0,PG-13,209397903.0,5 wins & 30 nominations total
tt1392170,7.2,1074757,68.0,84.0,PG-13,408010692.0,Won 1 BAFTA Award34 wins & 49 nominations total
tt9362722,8.5,509515,86.0,95.0,PG,381593754.0,Nominated for 1 Oscar. 107 wins & 164 nominations total
tt3521164,7.6,436011,81.0,95.0,PG,248757044.0,Nominated for 2 Oscars. 22 wins & 90 nominations total
tt33612209,6.5,73728,63.0,,PG-13,220505976.0,2 wins & 4 nominations total
tt10370822,5.6,3028,,60.0,R,,5 wins & 5 nominations total
tt12042730,8.2,433769,77.0,94.0,PG-13,344050007.0,7 wins & 11 nominations total
tt2381249,7.4,445302,75.0,94.0,PG-13,195042377.0,6 wins & 26 nominations total
tt0109830,8.8,2493306,82.0,75.0,PG-13,330455270.0,Won 6 Oscars. 51 wins & 74 nominations total
tt1211837,7.5,877590,72.0,89.0,PG-13,232641920.0,Nominated for 1 Oscar. 21 wins & 68 nominations total
tt21148018,6.4,3918,75.0,94.0,Not Rated,,27 wins & 22 nominations total
tt0167404,8.2,1136530,64.0,86.0,PG-13,293506292.0,Nominated for 6 Oscars. 37 wins & 56 nominations total
tt32536035,,8,,,N/A,,N/A
tt0770828,7.1,865769,55.0,56.0,PG-13,291045518.0,Nominated for 1 BAFTA Award. 7 wins & 46 nominations total
tt1302011,7.3,349971,67.0,82.0,PG,165249063.0,Nominated for 1 Oscar. 5 wins & 47 nominations total
tt13539646,6.7,16204,56.0,83.0,Not Rated,5023132.0,39 wins & 32 nominations total
tt0974015,6.0,502540,45.0,39.0,PG-13,229024295.0,2 wins & 15 nominations total
tt0438097,6.8,316256,59.0,56.0,PG,195330621.0,8 wins & 16 nominations total
tt2245084,7.8,548572,74.0,90.0,PG,222527828.0,Won 1 Oscar. 17 wins & 58 nominations total
tt38035835,,112,,,N/A,,1 win total
tt0325980,8.1,1323403,63.0,79.0,PG-13,305413918.0,Nominated for 5 Oscars. 38 wins & 104 nominations total
tt4123430,6.5,329657,52.0,36.0,PG-13,159555901.0,Nominated for 2 BAFTA 3 wins & 22 nominations total
tt1409024,6.8,409954,58.0,67.0,PG-13,179020854.0,2 wins & 13 nominations total
tt1951266,6.6,410756,65.0,70.0,PG-13,281723902.0,15 wins & 34 nominations total
tt0121765,6.6,815170,54.0,62.0,PG,310676740.0,Nominated for 1 Oscar. 21 wins & 71 nominations total
tt1981115,6.7,776160,54.0,67.0,PG-13,206362140.0,4 wins & 21 nominations total
tt26743210,7.7,131570,61.0,78.0,PG,262958100.0,Nominated for 1 BAFTA Award. 4 wins & 20 nominations total
tt6166392,6.9,188015,66.0,82.0,PG,218402312.0,Nominated for 1 BAFTA Award6 wins & 45 nominations total
tt3470600,7.1,210521,59.0,71.0,PG,270578425.0,3 wins & 25 nominations total
tt16311594,7.6,353753,68.0,82.0,PG-13,189642436.0,Won 1 Oscar. 31 wins & 129 nominations total
tt0441773,7.6,574537,74.0,87.0,PG,216064546.0,Nominated for 1 Oscar. 15 wins & 39 nominations total
tt0317705,8.0,891503,90.0,,PG,261441092.0,Won 2 Oscars. 70 wins & 56 nominations total
tt3659388,8.0,999128,80.0,91.0,PG-13,228433663.0,Nominated for 7 Oscars. 40 wins & 199 nominations total
tt0448157,6.4,534419,49.0,42.0,R,227946274.0,4 wins & 14 nominations total
tt16194408,5.6,1718,,,N/A,117294.0,14 wins & 17 nominations total
tt1596343,7.3,430221,66.0,77.0,PG-13,209837675.0,9 wins & 21 nominations total
tt1228705,6.9,936571,57.0,72.0,PG-13,312433331.0,Nominated for 1 Oscar. 7 wins & 45 nominations total
tt0382932,8.1,940588,96.0,96.0,G,206445654.0,Won 1 Oscar. 69 wins & 42 nominations total
tt5095030,7.0,493940,70.0,87.0,PG-13,216648740.0,2 wins & 21 nominations total
tt1646971,7.8,398152,77.0,92.0,PG,177002924.0,Nominated for 1 Oscar. 15 wins & 61 nominations total
tt3315342,8.1,917281,77.0,93.0,R,226277068.0,Nominated for 1 Oscar. 28 wins & 82 nominations total
